model,language,tokenizer_fertility,english_fertility_tokens_per_character
Apertus-70B-Instruct-2509,ara,0.4276158091309437,0.3180962076864342
Apertus-70B-Instruct-2509,dan,0.4069051167411823,0.3180962076864342
Apertus-70B-Instruct-2509,deu,0.3289866037651875,0.3180962076864342
Apertus-70B-Instruct-2509,eng,0.3180962076864342,0.3180962076864342
Apertus-70B-Instruct-2509,eng_metric,0.3166430881164107,0.3180962076864342
Apertus-70B-Instruct-2509,est,0.4369142744401696,0.3180962076864342
Apertus-70B-Instruct-2509,fra,0.3289925522900593,0.3180962076864342
Apertus-70B-Instruct-2509,hin,0.5126067302862883,0.3180962076864342
Apertus-70B-Instruct-2509,isl,0.4965169349027143,0.3180962076864342
Apertus-70B-Instruct-2509,ita,0.3503722534955511,0.3180962076864342
Apertus-70B-Instruct-2509,jpn,0.8076090876307248,0.3180962076864342
Apertus-70B-Instruct-2509,mar,0.5636978057587261,0.3180962076864342
Apertus-70B-Instruct-2509,nld,0.3672172218613714,0.3180962076864342
Apertus-70B-Instruct-2509,nob,0.4016849706634572,0.3180962076864342
Apertus-70B-Instruct-2509,rus,0.3994160858918817,0.3180962076864342
Apertus-70B-Instruct-2509,ukr,0.4738737895869392,0.3180962076864342
Apertus-70B-Instruct-2509,uncorrected_isl,0.4965169349027143,0.3180962076864342
Apertus-70B-Instruct-2509,zho,1.1658208576503426,0.3180962076864342
Apertus-8B-Instruct-2509,ara,0.4276158091309437,0.3180962076864342
Apertus-8B-Instruct-2509,dan,0.4069051167411823,0.3180962076864342
Apertus-8B-Instruct-2509,deu,0.3289866037651875,0.3180962076864342
Apertus-8B-Instruct-2509,eng,0.3180962076864342,0.3180962076864342
Apertus-8B-Instruct-2509,eng_metric,0.3166430881164107,0.3180962076864342
Apertus-8B-Instruct-2509,est,0.4369142744401696,0.3180962076864342
Apertus-8B-Instruct-2509,fra,0.3289925522900593,0.3180962076864342
Apertus-8B-Instruct-2509,hin,0.5126067302862883,0.3180962076864342
Apertus-8B-Instruct-2509,isl,0.4965169349027143,0.3180962076864342
Apertus-8B-Instruct-2509,ita,0.3503722534955511,0.3180962076864342
Apertus-8B-Instruct-2509,jpn,0.8076090876307248,0.3180962076864342
Apertus-8B-Instruct-2509,mar,0.5636978057587261,0.3180962076864342
Apertus-8B-Instruct-2509,nld,0.3672172218613714,0.3180962076864342
Apertus-8B-Instruct-2509,nob,0.4016849706634572,0.3180962076864342
Apertus-8B-Instruct-2509,rus,0.3994160858918817,0.3180962076864342
Apertus-8B-Instruct-2509,ukr,0.4738737895869392,0.3180962076864342
Apertus-8B-Instruct-2509,uncorrected_isl,0.4965169349027143,0.3180962076864342
Apertus-8B-Instruct-2509,zho,1.1658208576503426,0.3180962076864342
EuroLLM-1.7B-Instruct,ara,0.5045431740899716,0.3297022143038941
EuroLLM-1.7B-Instruct,dan,0.3637853949329359,0.3297022143038941
EuroLLM-1.7B-Instruct,deu,0.3222217277137389,0.3297022143038941
EuroLLM-1.7B-Instruct,eng,0.3297022143038941,0.3297022143038941
EuroLLM-1.7B-Instruct,eng_metric,0.3286176232821342,0.3297022143038941
EuroLLM-1.7B-Instruct,est,0.378465029101312,0.3297022143038941
EuroLLM-1.7B-Instruct,fra,0.3524952058154573,0.3297022143038941
EuroLLM-1.7B-Instruct,hin,0.4663987945755901,0.3297022143038941
EuroLLM-1.7B-Instruct,isl,0.5091520538073505,0.3297022143038941
EuroLLM-1.7B-Instruct,ita,0.327673869620483,0.3297022143038941
EuroLLM-1.7B-Instruct,jpn,0.7547782185358817,0.3297022143038941
EuroLLM-1.7B-Instruct,mar,0.5778631608184427,0.3297022143038941
EuroLLM-1.7B-Instruct,nld,0.3260647675605456,0.3297022143038941
EuroLLM-1.7B-Instruct,nob,0.3641743142269695,0.3297022143038941
EuroLLM-1.7B-Instruct,rus,0.3601902429836127,0.3297022143038941
EuroLLM-1.7B-Instruct,ukr,0.4144641437058521,0.3297022143038941
EuroLLM-1.7B-Instruct,zho,1.058614564831261,0.3297022143038941
EuroLLM-22B-Instruct-2512,ara,0.5045431740899716,0.3297022143038941
EuroLLM-22B-Instruct-2512,dan,0.3637853949329359,0.3297022143038941
EuroLLM-22B-Instruct-2512,deu,0.3222217277137389,0.3297022143038941
EuroLLM-22B-Instruct-2512,eng,0.3297022143038941,0.3297022143038941
EuroLLM-22B-Instruct-2512,eng_metric,0.3286176232821342,0.3297022143038941
EuroLLM-22B-Instruct-2512,est,0.378465029101312,0.3297022143038941
EuroLLM-22B-Instruct-2512,fra,0.3524952058154573,0.3297022143038941
EuroLLM-22B-Instruct-2512,hin,0.4663987945755901,0.3297022143038941
EuroLLM-22B-Instruct-2512,isl,0.5091520538073505,0.3297022143038941
EuroLLM-22B-Instruct-2512,ita,0.327673869620483,0.3297022143038941
EuroLLM-22B-Instruct-2512,jpn,0.7547782185358817,0.3297022143038941
EuroLLM-22B-Instruct-2512,mar,0.5778631608184427,0.3297022143038941
EuroLLM-22B-Instruct-2512,nld,0.3260647675605456,0.3297022143038941
EuroLLM-22B-Instruct-2512,nob,0.3641743142269695,0.3297022143038941
EuroLLM-22B-Instruct-2512,rus,0.3601902429836127,0.3297022143038941
EuroLLM-22B-Instruct-2512,ukr,0.4144641437058521,0.3297022143038941
EuroLLM-22B-Instruct-2512,zho,1.058614564831261,0.3297022143038941
EuroLLM-9B-Instruct-2512,ara,0.5045431740899716,0.3297022143038941
EuroLLM-9B-Instruct-2512,dan,0.3637853949329359,0.3297022143038941
EuroLLM-9B-Instruct-2512,deu,0.3222217277137389,0.3297022143038941
EuroLLM-9B-Instruct-2512,eng,0.3297022143038941,0.3297022143038941
EuroLLM-9B-Instruct-2512,eng_metric,0.3286176232821342,0.3297022143038941
EuroLLM-9B-Instruct-2512,est,0.378465029101312,0.3297022143038941
EuroLLM-9B-Instruct-2512,fra,0.3524952058154573,0.3297022143038941
EuroLLM-9B-Instruct-2512,hin,0.4663987945755901,0.3297022143038941
EuroLLM-9B-Instruct-2512,isl,0.5091520538073505,0.3297022143038941
EuroLLM-9B-Instruct-2512,ita,0.327673869620483,0.3297022143038941
EuroLLM-9B-Instruct-2512,jpn,0.7547782185358817,0.3297022143038941
EuroLLM-9B-Instruct-2512,mar,0.5778631608184427,0.3297022143038941
EuroLLM-9B-Instruct-2512,nld,0.3260647675605456,0.3297022143038941
EuroLLM-9B-Instruct-2512,nob,0.3641743142269695,0.3297022143038941
EuroLLM-9B-Instruct-2512,rus,0.3601902429836127,0.3297022143038941
EuroLLM-9B-Instruct-2512,ukr,0.4144641437058521,0.3297022143038941
EuroLLM-9B-Instruct-2512,zho,1.058614564831261,0.3297022143038941
OLMo-2-0325-32B-Instruct,ara,0.8919114777858298,0.2992618987019598
OLMo-2-0325-32B-Instruct,dan,0.4123695976154992,0.2992618987019598
OLMo-2-0325-32B-Instruct,deu,0.3596510748141884,0.2992618987019598
OLMo-2-0325-32B-Instruct,eng,0.2992618987019598,0.2992618987019598
OLMo-2-0325-32B-Instruct,eng_metric,0.2981002425222312,0.2992618987019598
OLMo-2-0325-32B-Instruct,est,0.4779027325638749,0.2992618987019598
OLMo-2-0325-32B-Instruct,fra,0.3641796369798867,0.2992618987019598
OLMo-2-0325-32B-Instruct,hin,1.2682571572074337,0.2992618987019598
OLMo-2-0325-32B-Instruct,isl,0.5279846264712947,0.2992618987019598
OLMo-2-0325-32B-Instruct,ita,0.3816052297076448,0.2992618987019598
OLMo-2-0325-32B-Instruct,jpn,1.014064190407501,0.2992618987019598
OLMo-2-0325-32B-Instruct,mar,1.2391908156652165,0.2992618987019598
OLMo-2-0325-32B-Instruct,nld,0.3823884197828709,0.2992618987019598
OLMo-2-0325-32B-Instruct,nob,0.4104608595356301,0.2992618987019598
OLMo-2-0325-32B-Instruct,rus,0.5740723300056508,0.2992618987019598
OLMo-2-0325-32B-Instruct,ukr,0.7268559666931749,0.2992618987019598
OLMo-2-0325-32B-Instruct,uncorrected_isl,0.5279846264712947,0.2992618987019598
OLMo-2-0325-32B-Instruct,zho,1.4850291804110631,0.2992618987019598
OLMo-2-0425-1B-Instruct,ara,0.8919114777858298,0.2992618987019598
OLMo-2-0425-1B-Instruct,dan,0.4123695976154992,0.2992618987019598
OLMo-2-0425-1B-Instruct,deu,0.3596510748141884,0.2992618987019598
OLMo-2-0425-1B-Instruct,eng,0.2992618987019598,0.2992618987019598
OLMo-2-0425-1B-Instruct,eng_metric,0.2981002425222312,0.2992618987019598
OLMo-2-0425-1B-Instruct,est,0.4779027325638749,0.2992618987019598
OLMo-2-0425-1B-Instruct,fra,0.3641796369798867,0.2992618987019598
OLMo-2-0425-1B-Instruct,hin,1.2682571572074337,0.2992618987019598
OLMo-2-0425-1B-Instruct,isl,0.5279846264712947,0.2992618987019598
OLMo-2-0425-1B-Instruct,ita,0.3816052297076448,0.2992618987019598
OLMo-2-0425-1B-Instruct,jpn,1.014064190407501,0.2992618987019598
OLMo-2-0425-1B-Instruct,mar,1.2391908156652165,0.2992618987019598
OLMo-2-0425-1B-Instruct,nld,0.3823884197828709,0.2992618987019598
OLMo-2-0425-1B-Instruct,nob,0.4104608595356301,0.2992618987019598
OLMo-2-0425-1B-Instruct,rus,0.5740723300056508,0.2992618987019598
OLMo-2-0425-1B-Instruct,ukr,0.7268559666931749,0.2992618987019598
OLMo-2-0425-1B-Instruct,uncorrected_isl,0.5279846264712947,0.2992618987019598
OLMo-2-0425-1B-Instruct,zho,1.4850291804110631,0.2992618987019598
OLMo-2-1124-13B-Instruct,ara,0.8919114777858298,0.2992618987019598
OLMo-2-1124-13B-Instruct,dan,0.4123695976154992,0.2992618987019598
OLMo-2-1124-13B-Instruct,deu,0.3596510748141884,0.2992618987019598
OLMo-2-1124-13B-Instruct,eng,0.2992618987019598,0.2992618987019598
OLMo-2-1124-13B-Instruct,eng_metric,0.2981002425222312,0.2992618987019598
OLMo-2-1124-13B-Instruct,est,0.4779027325638749,0.2992618987019598
OLMo-2-1124-13B-Instruct,fra,0.3641796369798867,0.2992618987019598
OLMo-2-1124-13B-Instruct,hin,1.2682571572074337,0.2992618987019598
OLMo-2-1124-13B-Instruct,isl,0.5279846264712947,0.2992618987019598
OLMo-2-1124-13B-Instruct,ita,0.3816052297076448,0.2992618987019598
OLMo-2-1124-13B-Instruct,jpn,1.014064190407501,0.2992618987019598
OLMo-2-1124-13B-Instruct,mar,1.2391908156652165,0.2992618987019598
OLMo-2-1124-13B-Instruct,nld,0.3823884197828709,0.2992618987019598
OLMo-2-1124-13B-Instruct,nob,0.4104608595356301,0.2992618987019598
OLMo-2-1124-13B-Instruct,rus,0.5740723300056508,0.2992618987019598
OLMo-2-1124-13B-Instruct,ukr,0.7268559666931749,0.2992618987019598
OLMo-2-1124-13B-Instruct,uncorrected_isl,0.5279846264712947,0.2992618987019598
OLMo-2-1124-13B-Instruct,zho,1.4850291804110631,0.2992618987019598
OLMo-2-1124-7B-Instruct,ara,0.8919114777858298,0.2992618987019598
OLMo-2-1124-7B-Instruct,dan,0.4123695976154992,0.2992618987019598
OLMo-2-1124-7B-Instruct,deu,0.3596510748141884,0.2992618987019598
OLMo-2-1124-7B-Instruct,eng,0.2992618987019598,0.2992618987019598
OLMo-2-1124-7B-Instruct,eng_metric,0.2981002425222312,0.2992618987019598
OLMo-2-1124-7B-Instruct,est,0.4779027325638749,0.2992618987019598
OLMo-2-1124-7B-Instruct,fra,0.3641796369798867,0.2992618987019598
OLMo-2-1124-7B-Instruct,hin,1.2682571572074337,0.2992618987019598
OLMo-2-1124-7B-Instruct,isl,0.5279846264712947,0.2992618987019598
OLMo-2-1124-7B-Instruct,ita,0.3816052297076448,0.2992618987019598
OLMo-2-1124-7B-Instruct,jpn,1.014064190407501,0.2992618987019598
OLMo-2-1124-7B-Instruct,mar,1.2391908156652165,0.2992618987019598
OLMo-2-1124-7B-Instruct,nld,0.3823884197828709,0.2992618987019598
OLMo-2-1124-7B-Instruct,nob,0.4104608595356301,0.2992618987019598
OLMo-2-1124-7B-Instruct,rus,0.5740723300056508,0.2992618987019598
OLMo-2-1124-7B-Instruct,ukr,0.7268559666931749,0.2992618987019598
OLMo-2-1124-7B-Instruct,uncorrected_isl,0.5279846264712947,0.2992618987019598
OLMo-2-1124-7B-Instruct,zho,1.4850291804110631,0.2992618987019598
Olmo-3-32B-Think (reasoning on),ara,0.8919114777858298,0.2992618987019598
Olmo-3-32B-Think (reasoning on),dan,0.4123695976154992,0.2992618987019598
Olmo-3-32B-Think (reasoning on),deu,0.3596510748141884,0.2992618987019598
Olmo-3-32B-Think (reasoning on),eng,0.2992618987019598,0.2992618987019598
Olmo-3-32B-Think (reasoning on),eng_metric,0.2981002425222312,0.2992618987019598
Olmo-3-32B-Think (reasoning on),est,0.4779027325638749,0.2992618987019598
Olmo-3-32B-Think (reasoning on),fra,0.3641796369798867,0.2992618987019598
Olmo-3-32B-Think (reasoning on),hin,1.2682571572074337,0.2992618987019598
Olmo-3-32B-Think (reasoning on),isl,0.5279846264712947,0.2992618987019598
Olmo-3-32B-Think (reasoning on),ita,0.3816052297076448,0.2992618987019598
Olmo-3-32B-Think (reasoning on),jpn,1.014064190407501,0.2992618987019598
Olmo-3-32B-Think (reasoning on),mar,1.2391908156652165,0.2992618987019598
Olmo-3-32B-Think (reasoning on),nld,0.3823884197828709,0.2992618987019598
Olmo-3-32B-Think (reasoning on),nob,0.4104608595356301,0.2992618987019598
Olmo-3-32B-Think (reasoning on),rus,0.5740723300056508,0.2992618987019598
Olmo-3-32B-Think (reasoning on),ukr,0.7268559666931749,0.2992618987019598
Olmo-3-32B-Think (reasoning on),zho,1.4850291804110631,0.2992618987019598
Olmo-3-7B-Instruct,ara,0.8919114777858298,0.2992618987019598
Olmo-3-7B-Instruct,dan,0.4123695976154992,0.2992618987019598
Olmo-3-7B-Instruct,deu,0.3596510748141884,0.2992618987019598
Olmo-3-7B-Instruct,eng,0.2992618987019598,0.2992618987019598
Olmo-3-7B-Instruct,eng_metric,0.2981002425222312,0.2992618987019598
Olmo-3-7B-Instruct,est,0.4779027325638749,0.2992618987019598
Olmo-3-7B-Instruct,fra,0.3641796369798867,0.2992618987019598
Olmo-3-7B-Instruct,hin,1.2682571572074337,0.2992618987019598
Olmo-3-7B-Instruct,isl,0.5279846264712947,0.2992618987019598
Olmo-3-7B-Instruct,ita,0.3816052297076448,0.2992618987019598
Olmo-3-7B-Instruct,jpn,1.014064190407501,0.2992618987019598
Olmo-3-7B-Instruct,mar,1.2391908156652165,0.2992618987019598
Olmo-3-7B-Instruct,nld,0.3823884197828709,0.2992618987019598
Olmo-3-7B-Instruct,nob,0.4104608595356301,0.2992618987019598
Olmo-3-7B-Instruct,rus,0.5740723300056508,0.2992618987019598
Olmo-3-7B-Instruct,ukr,0.7268559666931749,0.2992618987019598
Olmo-3-7B-Instruct,zho,1.4850291804110631,0.2992618987019598
Olmo-3-7B-Think (reasoning on),ara,0.8919114777858298,0.2992618987019598
Olmo-3-7B-Think (reasoning on),dan,0.4123695976154992,0.2992618987019598
Olmo-3-7B-Think (reasoning on),deu,0.3596510748141884,0.2992618987019598
Olmo-3-7B-Think (reasoning on),eng,0.2992618987019598,0.2992618987019598
Olmo-3-7B-Think (reasoning on),eng_metric,0.2981002425222312,0.2992618987019598
Olmo-3-7B-Think (reasoning on),est,0.4779027325638749,0.2992618987019598
Olmo-3-7B-Think (reasoning on),fra,0.3641796369798867,0.2992618987019598
Olmo-3-7B-Think (reasoning on),hin,1.2682571572074337,0.2992618987019598
Olmo-3-7B-Think (reasoning on),isl,0.5279846264712947,0.2992618987019598
Olmo-3-7B-Think (reasoning on),ita,0.3816052297076448,0.2992618987019598
Olmo-3-7B-Think (reasoning on),jpn,1.014064190407501,0.2992618987019598
Olmo-3-7B-Think (reasoning on),mar,1.2391908156652165,0.2992618987019598
Olmo-3-7B-Think (reasoning on),nld,0.3823884197828709,0.2992618987019598
Olmo-3-7B-Think (reasoning on),nob,0.4104608595356301,0.2992618987019598
Olmo-3-7B-Think (reasoning on),rus,0.5740723300056508,0.2992618987019598
Olmo-3-7B-Think (reasoning on),ukr,0.7268559666931749,0.2992618987019598
Olmo-3-7B-Think (reasoning on),zho,1.4850291804110631,0.2992618987019598
Olmo-3.1-32B-Instruct,ara,0.8919114777858298,0.2992618987019598
Olmo-3.1-32B-Instruct,dan,0.4123695976154992,0.2992618987019598
Olmo-3.1-32B-Instruct,deu,0.3596510748141884,0.2992618987019598
Olmo-3.1-32B-Instruct,eng,0.2992618987019598,0.2992618987019598
Olmo-3.1-32B-Instruct,eng_metric,0.2981002425222312,0.2992618987019598
Olmo-3.1-32B-Instruct,est,0.4779027325638749,0.2992618987019598
Olmo-3.1-32B-Instruct,fra,0.3641796369798867,0.2992618987019598
Olmo-3.1-32B-Instruct,hin,1.2682571572074337,0.2992618987019598
Olmo-3.1-32B-Instruct,isl,0.5279846264712947,0.2992618987019598
Olmo-3.1-32B-Instruct,ita,0.3816052297076448,0.2992618987019598
Olmo-3.1-32B-Instruct,jpn,1.014064190407501,0.2992618987019598
Olmo-3.1-32B-Instruct,mar,1.2391908156652165,0.2992618987019598
Olmo-3.1-32B-Instruct,nld,0.3823884197828709,0.2992618987019598
Olmo-3.1-32B-Instruct,nob,0.4104608595356301,0.2992618987019598
Olmo-3.1-32B-Instruct,rus,0.5740723300056508,0.2992618987019598
Olmo-3.1-32B-Instruct,ukr,0.7268559666931749,0.2992618987019598
Olmo-3.1-32B-Instruct,zho,1.4850291804110631,0.2992618987019598
Qwen2.5-0.5B-Instruct,ara,0.5197614136796923,0.3110715194706032
Qwen2.5-0.5B-Instruct,dan,0.4249875807252856,0.3110715194706032
Qwen2.5-0.5B-Instruct,deu,0.3681071698784993,0.3110715194706032
Qwen2.5-0.5B-Instruct,eng,0.3110715194706032,0.3110715194706032
Qwen2.5-0.5B-Instruct,eng_metric,0.3102768795472918,0.3110715194706032
Qwen2.5-0.5B-Instruct,est,0.4884087994475683,0.3110715194706032
Qwen2.5-0.5B-Instruct,fra,0.372296302903269,0.3110715194706032
Qwen2.5-0.5B-Instruct,hin,1.1958312405826217,0.3110715194706032
Qwen2.5-0.5B-Instruct,isl,0.5361037713187605,0.3110715194706032
Qwen2.5-0.5B-Instruct,ita,0.3917287089159252,0.3110715194706032
Qwen2.5-0.5B-Instruct,jpn,0.7281824738550307,0.3110715194706032
Qwen2.5-0.5B-Instruct,mar,1.1631330432367373,0.3110715194706032
Qwen2.5-0.5B-Instruct,nld,0.3935232439454393,0.3110715194706032
Qwen2.5-0.5B-Instruct,nob,0.4230479915751466,0.3110715194706032
Qwen2.5-0.5B-Instruct,rus,0.4443868901864758,0.3110715194706032
Qwen2.5-0.5B-Instruct,ukr,0.6400336810590822,0.3110715194706032
Qwen2.5-0.5B-Instruct,uncorrected_isl,0.5361037713187605,0.3110715194706032
Qwen2.5-0.5B-Instruct,zho,0.9554681552905354,0.3110715194706032
Qwen2.5-1.5B-Instruct,ara,0.5197614136796923,0.3110715194706032
Qwen2.5-1.5B-Instruct,dan,0.4249875807252856,0.3110715194706032
Qwen2.5-1.5B-Instruct,deu,0.3681071698784993,0.3110715194706032
Qwen2.5-1.5B-Instruct,eng,0.3110715194706032,0.3110715194706032
Qwen2.5-1.5B-Instruct,eng_metric,0.3102768795472918,0.3110715194706032
Qwen2.5-1.5B-Instruct,est,0.4884087994475683,0.3110715194706032
Qwen2.5-1.5B-Instruct,fra,0.372296302903269,0.3110715194706032
Qwen2.5-1.5B-Instruct,hin,1.1958312405826217,0.3110715194706032
Qwen2.5-1.5B-Instruct,isl,0.5361037713187605,0.3110715194706032
Qwen2.5-1.5B-Instruct,ita,0.3917287089159252,0.3110715194706032
Qwen2.5-1.5B-Instruct,jpn,0.7281824738550307,0.3110715194706032
Qwen2.5-1.5B-Instruct,mar,1.1631330432367373,0.3110715194706032
Qwen2.5-1.5B-Instruct,nld,0.3935232439454393,0.3110715194706032
Qwen2.5-1.5B-Instruct,nob,0.4230479915751466,0.3110715194706032
Qwen2.5-1.5B-Instruct,rus,0.4443868901864758,0.3110715194706032
Qwen2.5-1.5B-Instruct,ukr,0.6400336810590822,0.3110715194706032
Qwen2.5-1.5B-Instruct,uncorrected_isl,0.5361037713187605,0.3110715194706032
Qwen2.5-1.5B-Instruct,zho,0.9554681552905354,0.3110715194706032
Qwen2.5-14B-Instruct,ara,0.5197614136796923,0.3110715194706032
Qwen2.5-14B-Instruct,dan,0.4249875807252856,0.3110715194706032
Qwen2.5-14B-Instruct,deu,0.3681071698784993,0.3110715194706032
Qwen2.5-14B-Instruct,eng,0.3110715194706032,0.3110715194706032
Qwen2.5-14B-Instruct,eng_metric,0.3102768795472918,0.3110715194706032
Qwen2.5-14B-Instruct,est,0.4884087994475683,0.3110715194706032
Qwen2.5-14B-Instruct,fra,0.372296302903269,0.3110715194706032
Qwen2.5-14B-Instruct,hin,1.1958312405826217,0.3110715194706032
Qwen2.5-14B-Instruct,isl,0.5361037713187605,0.3110715194706032
Qwen2.5-14B-Instruct,ita,0.3917287089159252,0.3110715194706032
Qwen2.5-14B-Instruct,jpn,0.7281824738550307,0.3110715194706032
Qwen2.5-14B-Instruct,mar,1.1631330432367373,0.3110715194706032
Qwen2.5-14B-Instruct,nld,0.3935232439454393,0.3110715194706032
Qwen2.5-14B-Instruct,nob,0.4230479915751466,0.3110715194706032
Qwen2.5-14B-Instruct,rus,0.4443868901864758,0.3110715194706032
Qwen2.5-14B-Instruct,ukr,0.6400336810590822,0.3110715194706032
Qwen2.5-14B-Instruct,uncorrected_isl,0.5361037713187605,0.3110715194706032
Qwen2.5-14B-Instruct,zho,0.9554681552905354,0.3110715194706032
Qwen2.5-32B-Instruct,ara,0.5197614136796923,0.3110715194706032
Qwen2.5-32B-Instruct,dan,0.4249875807252856,0.3110715194706032
Qwen2.5-32B-Instruct,deu,0.3681071698784993,0.3110715194706032
Qwen2.5-32B-Instruct,eng,0.3110715194706032,0.3110715194706032
Qwen2.5-32B-Instruct,eng_metric,0.3102768795472918,0.3110715194706032
Qwen2.5-32B-Instruct,est,0.4884087994475683,0.3110715194706032
Qwen2.5-32B-Instruct,fra,0.372296302903269,0.3110715194706032
Qwen2.5-32B-Instruct,hin,1.1958312405826217,0.3110715194706032
Qwen2.5-32B-Instruct,isl,0.5361037713187605,0.3110715194706032
Qwen2.5-32B-Instruct,ita,0.3917287089159252,0.3110715194706032
Qwen2.5-32B-Instruct,jpn,0.7281824738550307,0.3110715194706032
Qwen2.5-32B-Instruct,mar,1.1631330432367373,0.3110715194706032
Qwen2.5-32B-Instruct,nld,0.3935232439454393,0.3110715194706032
Qwen2.5-32B-Instruct,nob,0.4230479915751466,0.3110715194706032
Qwen2.5-32B-Instruct,rus,0.4443868901864758,0.3110715194706032
Qwen2.5-32B-Instruct,ukr,0.6400336810590822,0.3110715194706032
Qwen2.5-32B-Instruct,uncorrected_isl,0.5361037713187605,0.3110715194706032
Qwen2.5-32B-Instruct,zho,0.9554681552905354,0.3110715194706032
Qwen2.5-3B-Instruct,ara,0.5197614136796923,0.3110715194706032
Qwen2.5-3B-Instruct,dan,0.4249875807252856,0.3110715194706032
Qwen2.5-3B-Instruct,deu,0.3681071698784993,0.3110715194706032
Qwen2.5-3B-Instruct,eng,0.3110715194706032,0.3110715194706032
Qwen2.5-3B-Instruct,eng_metric,0.3102768795472918,0.3110715194706032
Qwen2.5-3B-Instruct,est,0.4884087994475683,0.3110715194706032
Qwen2.5-3B-Instruct,fra,0.372296302903269,0.3110715194706032
Qwen2.5-3B-Instruct,hin,1.1958312405826217,0.3110715194706032
Qwen2.5-3B-Instruct,isl,0.5361037713187605,0.3110715194706032
Qwen2.5-3B-Instruct,ita,0.3917287089159252,0.3110715194706032
Qwen2.5-3B-Instruct,jpn,0.7281824738550307,0.3110715194706032
Qwen2.5-3B-Instruct,mar,1.1631330432367373,0.3110715194706032
Qwen2.5-3B-Instruct,nld,0.3935232439454393,0.3110715194706032
Qwen2.5-3B-Instruct,nob,0.4230479915751466,0.3110715194706032
Qwen2.5-3B-Instruct,rus,0.4443868901864758,0.3110715194706032
Qwen2.5-3B-Instruct,ukr,0.6400336810590822,0.3110715194706032
Qwen2.5-3B-Instruct,uncorrected_isl,0.5361037713187605,0.3110715194706032
Qwen2.5-3B-Instruct,zho,0.9554681552905354,0.3110715194706032
Qwen2.5-72B-Instruct,ara,0.5197614136796923,0.3110715194706032
Qwen2.5-72B-Instruct,dan,0.4249875807252856,0.3110715194706032
Qwen2.5-72B-Instruct,deu,0.3681071698784993,0.3110715194706032
Qwen2.5-72B-Instruct,eng,0.3110715194706032,0.3110715194706032
Qwen2.5-72B-Instruct,eng_metric,0.3102768795472918,0.3110715194706032
Qwen2.5-72B-Instruct,est,0.4884087994475683,0.3110715194706032
Qwen2.5-72B-Instruct,fra,0.372296302903269,0.3110715194706032
Qwen2.5-72B-Instruct,hin,1.1958312405826217,0.3110715194706032
Qwen2.5-72B-Instruct,isl,0.5361037713187605,0.3110715194706032
Qwen2.5-72B-Instruct,ita,0.3917287089159252,0.3110715194706032
Qwen2.5-72B-Instruct,jpn,0.7281824738550307,0.3110715194706032
Qwen2.5-72B-Instruct,mar,1.1631330432367373,0.3110715194706032
Qwen2.5-72B-Instruct,nld,0.3935232439454393,0.3110715194706032
Qwen2.5-72B-Instruct,nob,0.4230479915751466,0.3110715194706032
Qwen2.5-72B-Instruct,rus,0.4443868901864758,0.3110715194706032
Qwen2.5-72B-Instruct,ukr,0.6400336810590822,0.3110715194706032
Qwen2.5-72B-Instruct,uncorrected_isl,0.5361037713187605,0.3110715194706032
Qwen2.5-72B-Instruct,zho,0.9554681552905354,0.3110715194706032
Qwen2.5-7B-Instruct,ara,0.5197614136796923,0.3110715194706032
Qwen2.5-7B-Instruct,dan,0.4249875807252856,0.3110715194706032
Qwen2.5-7B-Instruct,deu,0.3681071698784993,0.3110715194706032
Qwen2.5-7B-Instruct,eng,0.3110715194706032,0.3110715194706032
Qwen2.5-7B-Instruct,eng_metric,0.3102768795472918,0.3110715194706032
Qwen2.5-7B-Instruct,est,0.4884087994475683,0.3110715194706032
Qwen2.5-7B-Instruct,fra,0.372296302903269,0.3110715194706032
Qwen2.5-7B-Instruct,hin,1.1958312405826217,0.3110715194706032
Qwen2.5-7B-Instruct,isl,0.5361037713187605,0.3110715194706032
Qwen2.5-7B-Instruct,ita,0.3917287089159252,0.3110715194706032
Qwen2.5-7B-Instruct,jpn,0.7281824738550307,0.3110715194706032
Qwen2.5-7B-Instruct,mar,1.1631330432367373,0.3110715194706032
Qwen2.5-7B-Instruct,nld,0.3935232439454393,0.3110715194706032
Qwen2.5-7B-Instruct,nob,0.4230479915751466,0.3110715194706032
Qwen2.5-7B-Instruct,rus,0.4443868901864758,0.3110715194706032
Qwen2.5-7B-Instruct,ukr,0.6400336810590822,0.3110715194706032
Qwen2.5-7B-Instruct,uncorrected_isl,0.5361037713187605,0.3110715194706032
Qwen2.5-7B-Instruct,zho,0.9554681552905354,0.3110715194706032
Qwen3-0.6B,ara,0.5197614136796923,0.3110715194706032
Qwen3-0.6B,dan,0.4249875807252856,0.3110715194706032
Qwen3-0.6B,deu,0.3681071698784993,0.3110715194706032
Qwen3-0.6B,eng,0.3110715194706032,0.3110715194706032
Qwen3-0.6B,eng_metric,0.3102768795472918,0.3110715194706032
Qwen3-0.6B,est,0.4884087994475683,0.3110715194706032
Qwen3-0.6B,fra,0.372296302903269,0.3110715194706032
Qwen3-0.6B,hin,1.1958312405826217,0.3110715194706032
Qwen3-0.6B,isl,0.5361037713187605,0.3110715194706032
Qwen3-0.6B,ita,0.3917287089159252,0.3110715194706032
Qwen3-0.6B,jpn,0.7281824738550307,0.3110715194706032
Qwen3-0.6B,mar,1.1631330432367373,0.3110715194706032
Qwen3-0.6B,nld,0.3935232439454393,0.3110715194706032
Qwen3-0.6B,nob,0.4230479915751466,0.3110715194706032
Qwen3-0.6B,rus,0.4443868901864758,0.3110715194706032
Qwen3-0.6B,ukr,0.6400336810590822,0.3110715194706032
Qwen3-0.6B,uncorrected_isl,0.5361037713187605,0.3110715194706032
Qwen3-0.6B,zho,0.9554681552905354,0.3110715194706032
Qwen3-0.6B (reasoning off),ara,0.5197614136796923,0.3110715194706032
Qwen3-0.6B (reasoning off),dan,0.4249875807252856,0.3110715194706032
Qwen3-0.6B (reasoning off),deu,0.3681071698784993,0.3110715194706032
Qwen3-0.6B (reasoning off),eng,0.3110715194706032,0.3110715194706032
Qwen3-0.6B (reasoning off),eng_metric,0.3102768795472918,0.3110715194706032
Qwen3-0.6B (reasoning off),est,0.4884087994475683,0.3110715194706032
Qwen3-0.6B (reasoning off),fra,0.372296302903269,0.3110715194706032
Qwen3-0.6B (reasoning off),hin,1.1958312405826217,0.3110715194706032
Qwen3-0.6B (reasoning off),isl,0.5361037713187605,0.3110715194706032
Qwen3-0.6B (reasoning off),ita,0.3917287089159252,0.3110715194706032
Qwen3-0.6B (reasoning off),jpn,0.7281824738550307,0.3110715194706032
Qwen3-0.6B (reasoning off),mar,1.1631330432367373,0.3110715194706032
Qwen3-0.6B (reasoning off),nld,0.3935232439454393,0.3110715194706032
Qwen3-0.6B (reasoning off),nob,0.4230479915751466,0.3110715194706032
Qwen3-0.6B (reasoning off),rus,0.4443868901864758,0.3110715194706032
Qwen3-0.6B (reasoning off),ukr,0.6400336810590822,0.3110715194706032
Qwen3-0.6B (reasoning off),uncorrected_isl,0.5361037713187605,0.3110715194706032
Qwen3-0.6B (reasoning off),zho,0.9554681552905354,0.3110715194706032
Qwen3-1.7B,ara,0.5197614136796923,0.3110715194706032
Qwen3-1.7B,dan,0.4249875807252856,0.3110715194706032
Qwen3-1.7B,deu,0.3681071698784993,0.3110715194706032
Qwen3-1.7B,eng,0.3110715194706032,0.3110715194706032
Qwen3-1.7B,eng_metric,0.3102768795472918,0.3110715194706032
Qwen3-1.7B,est,0.4884087994475683,0.3110715194706032
Qwen3-1.7B,fra,0.372296302903269,0.3110715194706032
Qwen3-1.7B,hin,1.1958312405826217,0.3110715194706032
Qwen3-1.7B,isl,0.5361037713187605,0.3110715194706032
Qwen3-1.7B,ita,0.3917287089159252,0.3110715194706032
Qwen3-1.7B,jpn,0.7281824738550307,0.3110715194706032
Qwen3-1.7B,mar,1.1631330432367373,0.3110715194706032
Qwen3-1.7B,nld,0.3935232439454393,0.3110715194706032
Qwen3-1.7B,nob,0.4230479915751466,0.3110715194706032
Qwen3-1.7B,rus,0.4443868901864758,0.3110715194706032
Qwen3-1.7B,ukr,0.6400336810590822,0.3110715194706032
Qwen3-1.7B,uncorrected_isl,0.5361037713187605,0.3110715194706032
Qwen3-1.7B,zho,0.9554681552905354,0.3110715194706032
Qwen3-1.7B (reasoning off),ara,0.5197614136796923,0.3110715194706032
Qwen3-1.7B (reasoning off),dan,0.4249875807252856,0.3110715194706032
Qwen3-1.7B (reasoning off),deu,0.3681071698784993,0.3110715194706032
Qwen3-1.7B (reasoning off),eng,0.3110715194706032,0.3110715194706032
Qwen3-1.7B (reasoning off),eng_metric,0.3102768795472918,0.3110715194706032
Qwen3-1.7B (reasoning off),est,0.4884087994475683,0.3110715194706032
Qwen3-1.7B (reasoning off),fra,0.372296302903269,0.3110715194706032
Qwen3-1.7B (reasoning off),hin,1.1958312405826217,0.3110715194706032
Qwen3-1.7B (reasoning off),isl,0.5361037713187605,0.3110715194706032
Qwen3-1.7B (reasoning off),ita,0.3917287089159252,0.3110715194706032
Qwen3-1.7B (reasoning off),jpn,0.7281824738550307,0.3110715194706032
Qwen3-1.7B (reasoning off),mar,1.1631330432367373,0.3110715194706032
Qwen3-1.7B (reasoning off),nld,0.3935232439454393,0.3110715194706032
Qwen3-1.7B (reasoning off),nob,0.4230479915751466,0.3110715194706032
Qwen3-1.7B (reasoning off),rus,0.4443868901864758,0.3110715194706032
Qwen3-1.7B (reasoning off),ukr,0.6400336810590822,0.3110715194706032
Qwen3-1.7B (reasoning off),uncorrected_isl,0.5361037713187605,0.3110715194706032
Qwen3-1.7B (reasoning off),zho,0.9554681552905354,0.3110715194706032
Qwen3-14B,ara,0.5197614136796923,0.3110715194706032
Qwen3-14B,dan,0.4249875807252856,0.3110715194706032
Qwen3-14B,deu,0.3681071698784993,0.3110715194706032
Qwen3-14B,eng,0.3110715194706032,0.3110715194706032
Qwen3-14B,eng_metric,0.3102768795472918,0.3110715194706032
Qwen3-14B,est,0.4884087994475683,0.3110715194706032
Qwen3-14B,fra,0.372296302903269,0.3110715194706032
Qwen3-14B,hin,1.1958312405826217,0.3110715194706032
Qwen3-14B,isl,0.5361037713187605,0.3110715194706032
Qwen3-14B,ita,0.3917287089159252,0.3110715194706032
Qwen3-14B,jpn,0.7281824738550307,0.3110715194706032
Qwen3-14B,mar,1.1631330432367373,0.3110715194706032
Qwen3-14B,nld,0.3935232439454393,0.3110715194706032
Qwen3-14B,nob,0.4230479915751466,0.3110715194706032
Qwen3-14B,rus,0.4443868901864758,0.3110715194706032
Qwen3-14B,ukr,0.6400336810590822,0.3110715194706032
Qwen3-14B,zho,0.9554681552905354,0.3110715194706032
Qwen3-14B (reasoning off),ara,0.5197614136796923,0.3110715194706032
Qwen3-14B (reasoning off),dan,0.4249875807252856,0.3110715194706032
Qwen3-14B (reasoning off),deu,0.3681071698784993,0.3110715194706032
Qwen3-14B (reasoning off),eng,0.3110715194706032,0.3110715194706032
Qwen3-14B (reasoning off),eng_metric,0.3102768795472918,0.3110715194706032
Qwen3-14B (reasoning off),est,0.4884087994475683,0.3110715194706032
Qwen3-14B (reasoning off),fra,0.372296302903269,0.3110715194706032
Qwen3-14B (reasoning off),hin,1.1958312405826217,0.3110715194706032
Qwen3-14B (reasoning off),isl,0.5361037713187605,0.3110715194706032
Qwen3-14B (reasoning off),ita,0.3917287089159252,0.3110715194706032
Qwen3-14B (reasoning off),jpn,0.7281824738550307,0.3110715194706032
Qwen3-14B (reasoning off),mar,1.1631330432367373,0.3110715194706032
Qwen3-14B (reasoning off),nld,0.3935232439454393,0.3110715194706032
Qwen3-14B (reasoning off),nob,0.4230479915751466,0.3110715194706032
Qwen3-14B (reasoning off),rus,0.4443868901864758,0.3110715194706032
Qwen3-14B (reasoning off),ukr,0.6400336810590822,0.3110715194706032
Qwen3-14B (reasoning off),zho,0.9554681552905354,0.3110715194706032
Qwen3-32B,ara,0.5197614136796923,0.3110715194706032
Qwen3-32B,dan,0.4249875807252856,0.3110715194706032
Qwen3-32B,deu,0.3681071698784993,0.3110715194706032
Qwen3-32B,eng,0.3110715194706032,0.3110715194706032
Qwen3-32B,eng_metric,0.3102768795472918,0.3110715194706032
Qwen3-32B,est,0.4884087994475683,0.3110715194706032
Qwen3-32B,fra,0.372296302903269,0.3110715194706032
Qwen3-32B,hin,1.1958312405826217,0.3110715194706032
Qwen3-32B,isl,0.5361037713187605,0.3110715194706032
Qwen3-32B,ita,0.3917287089159252,0.3110715194706032
Qwen3-32B,jpn,0.7281824738550307,0.3110715194706032
Qwen3-32B,mar,1.1631330432367373,0.3110715194706032
Qwen3-32B,nld,0.3935232439454393,0.3110715194706032
Qwen3-32B,nob,0.4230479915751466,0.3110715194706032
Qwen3-32B,rus,0.4443868901864758,0.3110715194706032
Qwen3-32B,ukr,0.6400336810590822,0.3110715194706032
Qwen3-32B,zho,0.9554681552905354,0.3110715194706032
Qwen3-32B (reasoning off),ara,0.5197614136796923,0.3110715194706032
Qwen3-32B (reasoning off),dan,0.4249875807252856,0.3110715194706032
Qwen3-32B (reasoning off),deu,0.3681071698784993,0.3110715194706032
Qwen3-32B (reasoning off),eng,0.3110715194706032,0.3110715194706032
Qwen3-32B (reasoning off),eng_metric,0.3102768795472918,0.3110715194706032
Qwen3-32B (reasoning off),est,0.4884087994475683,0.3110715194706032
Qwen3-32B (reasoning off),fra,0.372296302903269,0.3110715194706032
Qwen3-32B (reasoning off),hin,1.1958312405826217,0.3110715194706032
Qwen3-32B (reasoning off),isl,0.5361037713187605,0.3110715194706032
Qwen3-32B (reasoning off),ita,0.3917287089159252,0.3110715194706032
Qwen3-32B (reasoning off),jpn,0.7281824738550307,0.3110715194706032
Qwen3-32B (reasoning off),mar,1.1631330432367373,0.3110715194706032
Qwen3-32B (reasoning off),nld,0.3935232439454393,0.3110715194706032
Qwen3-32B (reasoning off),nob,0.4230479915751466,0.3110715194706032
Qwen3-32B (reasoning off),rus,0.4443868901864758,0.3110715194706032
Qwen3-32B (reasoning off),ukr,0.6400336810590822,0.3110715194706032
Qwen3-32B (reasoning off),zho,0.9554681552905354,0.3110715194706032
Qwen3-4B,ara,0.5197614136796923,0.3110715194706032
Qwen3-4B,dan,0.4249875807252856,0.3110715194706032
Qwen3-4B,deu,0.3681071698784993,0.3110715194706032
Qwen3-4B,eng,0.3110715194706032,0.3110715194706032
Qwen3-4B,eng_metric,0.3102768795472918,0.3110715194706032
Qwen3-4B,est,0.4884087994475683,0.3110715194706032
Qwen3-4B,fra,0.372296302903269,0.3110715194706032
Qwen3-4B,hin,1.1958312405826217,0.3110715194706032
Qwen3-4B,isl,0.5361037713187605,0.3110715194706032
Qwen3-4B,ita,0.3917287089159252,0.3110715194706032
Qwen3-4B,jpn,0.7281824738550307,0.3110715194706032
Qwen3-4B,mar,1.1631330432367373,0.3110715194706032
Qwen3-4B,nld,0.3935232439454393,0.3110715194706032
Qwen3-4B,nob,0.4230479915751466,0.3110715194706032
Qwen3-4B,rus,0.4443868901864758,0.3110715194706032
Qwen3-4B,ukr,0.6400336810590822,0.3110715194706032
Qwen3-4B,zho,0.9554681552905354,0.3110715194706032
Qwen3-4B (reasoning off),ara,0.5197614136796923,0.3110715194706032
Qwen3-4B (reasoning off),dan,0.4249875807252856,0.3110715194706032
Qwen3-4B (reasoning off),deu,0.3681071698784993,0.3110715194706032
Qwen3-4B (reasoning off),eng,0.3110715194706032,0.3110715194706032
Qwen3-4B (reasoning off),eng_metric,0.3102768795472918,0.3110715194706032
Qwen3-4B (reasoning off),est,0.4884087994475683,0.3110715194706032
Qwen3-4B (reasoning off),fra,0.372296302903269,0.3110715194706032
Qwen3-4B (reasoning off),hin,1.1958312405826217,0.3110715194706032
Qwen3-4B (reasoning off),isl,0.5361037713187605,0.3110715194706032
Qwen3-4B (reasoning off),ita,0.3917287089159252,0.3110715194706032
Qwen3-4B (reasoning off),jpn,0.7281824738550307,0.3110715194706032
Qwen3-4B (reasoning off),mar,1.1631330432367373,0.3110715194706032
Qwen3-4B (reasoning off),nld,0.3935232439454393,0.3110715194706032
Qwen3-4B (reasoning off),nob,0.4230479915751466,0.3110715194706032
Qwen3-4B (reasoning off),rus,0.4443868901864758,0.3110715194706032
Qwen3-4B (reasoning off),ukr,0.6400336810590822,0.3110715194706032
Qwen3-4B (reasoning off),zho,0.9554681552905354,0.3110715194706032
Qwen3-8B,ara,0.5197614136796923,0.3110715194706032
Qwen3-8B,dan,0.4249875807252856,0.3110715194706032
Qwen3-8B,deu,0.3681071698784993,0.3110715194706032
Qwen3-8B,eng,0.3110715194706032,0.3110715194706032
Qwen3-8B,eng_metric,0.3102768795472918,0.3110715194706032
Qwen3-8B,est,0.4884087994475683,0.3110715194706032
Qwen3-8B,fra,0.372296302903269,0.3110715194706032
Qwen3-8B,hin,1.1958312405826217,0.3110715194706032
Qwen3-8B,isl,0.5361037713187605,0.3110715194706032
Qwen3-8B,ita,0.3917287089159252,0.3110715194706032
Qwen3-8B,jpn,0.7281824738550307,0.3110715194706032
Qwen3-8B,mar,1.1631330432367373,0.3110715194706032
Qwen3-8B,nld,0.3935232439454393,0.3110715194706032
Qwen3-8B,nob,0.4230479915751466,0.3110715194706032
Qwen3-8B,rus,0.4443868901864758,0.3110715194706032
Qwen3-8B,ukr,0.6400336810590822,0.3110715194706032
Qwen3-8B,zho,0.9554681552905354,0.3110715194706032
Qwen3-8B (reasoning off),ara,0.5197614136796923,0.3110715194706032
Qwen3-8B (reasoning off),dan,0.4249875807252856,0.3110715194706032
Qwen3-8B (reasoning off),deu,0.3681071698784993,0.3110715194706032
Qwen3-8B (reasoning off),eng,0.3110715194706032,0.3110715194706032
Qwen3-8B (reasoning off),eng_metric,0.3102768795472918,0.3110715194706032
Qwen3-8B (reasoning off),est,0.4884087994475683,0.3110715194706032
Qwen3-8B (reasoning off),fra,0.372296302903269,0.3110715194706032
Qwen3-8B (reasoning off),hin,1.1958312405826217,0.3110715194706032
Qwen3-8B (reasoning off),isl,0.5361037713187605,0.3110715194706032
Qwen3-8B (reasoning off),ita,0.3917287089159252,0.3110715194706032
Qwen3-8B (reasoning off),jpn,0.7281824738550307,0.3110715194706032
Qwen3-8B (reasoning off),mar,1.1631330432367373,0.3110715194706032
Qwen3-8B (reasoning off),nld,0.3935232439454393,0.3110715194706032
Qwen3-8B (reasoning off),nob,0.4230479915751466,0.3110715194706032
Qwen3-8B (reasoning off),rus,0.4443868901864758,0.3110715194706032
Qwen3-8B (reasoning off),ukr,0.6400336810590822,0.3110715194706032
Qwen3-8B (reasoning off),zho,0.9554681552905354,0.3110715194706032
Qwen3.5-0.8B,ara,0.4398795919504989,0.3108679053194197
Qwen3.5-0.8B,dan,0.3787878787878788,0.3108679053194197
Qwen3.5-0.8B,deu,0.3196403934309493,0.3108679053194197
Qwen3.5-0.8B,eng,0.3108679053194197,0.3108679053194197
Qwen3.5-0.8B,eng_metric,0.3098221503637833,0.3108679053194197
Qwen3.5-0.8B,est,0.4355331952254118,0.3108679053194197
Qwen3.5-0.8B,fra,0.3339428265620122,0.3108679053194197
Qwen3.5-0.8B,hin,0.8517327975891512,0.3108679053194197
Qwen3.5-0.8B,isl,0.4796060533269277,0.3108679053194197
Qwen3.5-0.8B,ita,0.3226348284002179,0.3108679053194197
Qwen3.5-0.8B,jpn,0.6205373241976199,0.3108679053194197
Qwen3.5-0.8B,mar,0.8640866586427183,0.3108679053194197
Qwen3.5-0.8B,nld,0.3470817481673935,0.3108679053194197
Qwen3.5-0.8B,nob,0.3762098189659495,0.3108679053194197
Qwen3.5-0.8B,rus,0.3461103786023733,0.3108679053194197
Qwen3.5-0.8B,ukr,0.4519343219347897,0.3108679053194197
Qwen3.5-0.8B,zho,0.8439482364882009,0.3108679053194197
Qwen3.5-0.8B (reasoning off),ara,0.4398795919504989,0.3108679053194197
Qwen3.5-0.8B (reasoning off),dan,0.3787878787878788,0.3108679053194197
Qwen3.5-0.8B (reasoning off),deu,0.3196403934309493,0.3108679053194197
Qwen3.5-0.8B (reasoning off),eng,0.3108679053194197,0.3108679053194197
Qwen3.5-0.8B (reasoning off),eng_metric,0.3098221503637833,0.3108679053194197
Qwen3.5-0.8B (reasoning off),est,0.4355331952254118,0.3108679053194197
Qwen3.5-0.8B (reasoning off),fra,0.3339428265620122,0.3108679053194197
Qwen3.5-0.8B (reasoning off),hin,0.8517327975891512,0.3108679053194197
Qwen3.5-0.8B (reasoning off),isl,0.4796060533269277,0.3108679053194197
Qwen3.5-0.8B (reasoning off),ita,0.3226348284002179,0.3108679053194197
Qwen3.5-0.8B (reasoning off),jpn,0.6205373241976199,0.3108679053194197
Qwen3.5-0.8B (reasoning off),mar,0.8640866586427183,0.3108679053194197
Qwen3.5-0.8B (reasoning off),nld,0.3470817481673935,0.3108679053194197
Qwen3.5-0.8B (reasoning off),nob,0.3762098189659495,0.3108679053194197
Qwen3.5-0.8B (reasoning off),rus,0.3461103786023733,0.3108679053194197
Qwen3.5-0.8B (reasoning off),ukr,0.4519343219347897,0.3108679053194197
Qwen3.5-0.8B (reasoning off),zho,0.8439482364882009,0.3108679053194197
Qwen3.5-27B,ara,0.4398795919504989,0.3108679053194197
Qwen3.5-27B,dan,0.3787878787878788,0.3108679053194197
Qwen3.5-27B,deu,0.3196403934309493,0.3108679053194197
Qwen3.5-27B,eng,0.3108679053194197,0.3108679053194197
Qwen3.5-27B,eng_metric,0.3098221503637833,0.3108679053194197
Qwen3.5-27B,est,0.4355331952254118,0.3108679053194197
Qwen3.5-27B,fra,0.3339428265620122,0.3108679053194197
Qwen3.5-27B,hin,0.8517327975891512,0.3108679053194197
Qwen3.5-27B,isl,0.4796060533269277,0.3108679053194197
Qwen3.5-27B,ita,0.3226348284002179,0.3108679053194197
Qwen3.5-27B,jpn,0.6205373241976199,0.3108679053194197
Qwen3.5-27B,mar,0.8640866586427183,0.3108679053194197
Qwen3.5-27B,nld,0.3470817481673935,0.3108679053194197
Qwen3.5-27B,nob,0.3762098189659495,0.3108679053194197
Qwen3.5-27B,rus,0.3461103786023733,0.3108679053194197
Qwen3.5-27B,ukr,0.4519343219347897,0.3108679053194197
Qwen3.5-27B,zho,0.8439482364882009,0.3108679053194197
Qwen3.5-27B (reasoning off),ara,0.4398795919504989,0.3108679053194197
Qwen3.5-27B (reasoning off),dan,0.3787878787878788,0.3108679053194197
Qwen3.5-27B (reasoning off),deu,0.3196403934309493,0.3108679053194197
Qwen3.5-27B (reasoning off),eng,0.3108679053194197,0.3108679053194197
Qwen3.5-27B (reasoning off),eng_metric,0.3098221503637833,0.3108679053194197
Qwen3.5-27B (reasoning off),est,0.4355331952254118,0.3108679053194197
Qwen3.5-27B (reasoning off),fra,0.3339428265620122,0.3108679053194197
Qwen3.5-27B (reasoning off),hin,0.8517327975891512,0.3108679053194197
Qwen3.5-27B (reasoning off),isl,0.4796060533269277,0.3108679053194197
Qwen3.5-27B (reasoning off),ita,0.3226348284002179,0.3108679053194197
Qwen3.5-27B (reasoning off),jpn,0.6205373241976199,0.3108679053194197
Qwen3.5-27B (reasoning off),mar,0.8640866586427183,0.3108679053194197
Qwen3.5-27B (reasoning off),nld,0.3470817481673935,0.3108679053194197
Qwen3.5-27B (reasoning off),nob,0.3762098189659495,0.3108679053194197
Qwen3.5-27B (reasoning off),rus,0.3461103786023733,0.3108679053194197
Qwen3.5-27B (reasoning off),ukr,0.4519343219347897,0.3108679053194197
Qwen3.5-27B (reasoning off),zho,0.8439482364882009,0.3108679053194197
Qwen3.5-4B,ara,0.4398795919504989,0.3108679053194197
Qwen3.5-4B,dan,0.3787878787878788,0.3108679053194197
Qwen3.5-4B,deu,0.3196403934309493,0.3108679053194197
Qwen3.5-4B,eng,0.3108679053194197,0.3108679053194197
Qwen3.5-4B,eng_metric,0.3098221503637833,0.3108679053194197
Qwen3.5-4B,est,0.4355331952254118,0.3108679053194197
Qwen3.5-4B,fra,0.3339428265620122,0.3108679053194197
Qwen3.5-4B,hin,0.8517327975891512,0.3108679053194197
Qwen3.5-4B,isl,0.4796060533269277,0.3108679053194197
Qwen3.5-4B,ita,0.3226348284002179,0.3108679053194197
Qwen3.5-4B,jpn,0.6205373241976199,0.3108679053194197
Qwen3.5-4B,mar,0.8640866586427183,0.3108679053194197
Qwen3.5-4B,nld,0.3470817481673935,0.3108679053194197
Qwen3.5-4B,nob,0.3762098189659495,0.3108679053194197
Qwen3.5-4B,rus,0.3461103786023733,0.3108679053194197
Qwen3.5-4B,ukr,0.4519343219347897,0.3108679053194197
Qwen3.5-4B,zho,0.8439482364882009,0.3108679053194197
Qwen3.5-4B (reasoning off),ara,0.4398795919504989,0.3108679053194197
Qwen3.5-4B (reasoning off),dan,0.3787878787878788,0.3108679053194197
Qwen3.5-4B (reasoning off),deu,0.3196403934309493,0.3108679053194197
Qwen3.5-4B (reasoning off),eng,0.3108679053194197,0.3108679053194197
Qwen3.5-4B (reasoning off),eng_metric,0.3098221503637833,0.3108679053194197
Qwen3.5-4B (reasoning off),est,0.4355331952254118,0.3108679053194197
Qwen3.5-4B (reasoning off),fra,0.3339428265620122,0.3108679053194197
Qwen3.5-4B (reasoning off),hin,0.8517327975891512,0.3108679053194197
Qwen3.5-4B (reasoning off),isl,0.4796060533269277,0.3108679053194197
Qwen3.5-4B (reasoning off),ita,0.3226348284002179,0.3108679053194197
Qwen3.5-4B (reasoning off),jpn,0.6205373241976199,0.3108679053194197
Qwen3.5-4B (reasoning off),mar,0.8640866586427183,0.3108679053194197
Qwen3.5-4B (reasoning off),nld,0.3470817481673935,0.3108679053194197
Qwen3.5-4B (reasoning off),nob,0.3762098189659495,0.3108679053194197
Qwen3.5-4B (reasoning off),rus,0.3461103786023733,0.3108679053194197
Qwen3.5-4B (reasoning off),ukr,0.4519343219347897,0.3108679053194197
Qwen3.5-4B (reasoning off),zho,0.8439482364882009,0.3108679053194197
Qwen3.5-9B,ara,0.4398795919504989,0.3108679053194197
Qwen3.5-9B,dan,0.3787878787878788,0.3108679053194197
Qwen3.5-9B,deu,0.3196403934309493,0.3108679053194197
Qwen3.5-9B,eng,0.3108679053194197,0.3108679053194197
Qwen3.5-9B,eng_metric,0.3098221503637833,0.3108679053194197
Qwen3.5-9B,est,0.4355331952254118,0.3108679053194197
Qwen3.5-9B,fra,0.3339428265620122,0.3108679053194197
Qwen3.5-9B,hin,0.8517327975891512,0.3108679053194197
Qwen3.5-9B,isl,0.4796060533269277,0.3108679053194197
Qwen3.5-9B,ita,0.3226348284002179,0.3108679053194197
Qwen3.5-9B,jpn,0.6205373241976199,0.3108679053194197
Qwen3.5-9B,mar,0.8640866586427183,0.3108679053194197
Qwen3.5-9B,nld,0.3470817481673935,0.3108679053194197
Qwen3.5-9B,nob,0.3762098189659495,0.3108679053194197
Qwen3.5-9B,rus,0.3461103786023733,0.3108679053194197
Qwen3.5-9B,ukr,0.4519343219347897,0.3108679053194197
Qwen3.5-9B,zho,0.8439482364882009,0.3108679053194197
Qwen3.5-9B (reasoning off),ara,0.4398795919504989,0.3108679053194197
Qwen3.5-9B (reasoning off),dan,0.3787878787878788,0.3108679053194197
Qwen3.5-9B (reasoning off),deu,0.3196403934309493,0.3108679053194197
Qwen3.5-9B (reasoning off),eng,0.3108679053194197,0.3108679053194197
Qwen3.5-9B (reasoning off),eng_metric,0.3098221503637833,0.3108679053194197
Qwen3.5-9B (reasoning off),est,0.4355331952254118,0.3108679053194197
Qwen3.5-9B (reasoning off),fra,0.3339428265620122,0.3108679053194197
Qwen3.5-9B (reasoning off),hin,0.8517327975891512,0.3108679053194197
Qwen3.5-9B (reasoning off),isl,0.4796060533269277,0.3108679053194197
Qwen3.5-9B (reasoning off),ita,0.3226348284002179,0.3108679053194197
Qwen3.5-9B (reasoning off),jpn,0.6205373241976199,0.3108679053194197
Qwen3.5-9B (reasoning off),mar,0.8640866586427183,0.3108679053194197
Qwen3.5-9B (reasoning off),nld,0.3470817481673935,0.3108679053194197
Qwen3.5-9B (reasoning off),nob,0.3762098189659495,0.3108679053194197
Qwen3.5-9B (reasoning off),rus,0.3461103786023733,0.3108679053194197
Qwen3.5-9B (reasoning off),ukr,0.4519343219347897,0.3108679053194197
Qwen3.5-9B (reasoning off),zho,0.8439482364882009,0.3108679053194197
gemma-3-12b-it,ara,0.4738837170410837,0.3090353779587681
gemma-3-12b-it,dan,0.385444610034774,0.3090353779587681
gemma-3-12b-it,deu,0.3227557968756954,0.3090353779587681
gemma-3-12b-it,eng,0.3090353779587681,0.3090353779587681
gemma-3-12b-it,eng_metric,0.3072958771220695,0.3090353779587681
gemma-3-12b-it,est,0.4165433560224919,0.3090353779587681
gemma-3-12b-it,fra,0.3334076617758551,0.3090353779587681
gemma-3-12b-it,hin,0.3559015570065293,0.3090353779587681
gemma-3-12b-it,isl,0.4799903915445592,0.3090353779587681
gemma-3-12b-it,ita,0.3333938623570002,0.3090353779587681
gemma-3-12b-it,jpn,0.6343310494049765,0.3090353779587681
gemma-3-12b-it,mar,0.3584853254328303,0.3090353779587681
gemma-3-12b-it,nld,0.3441588568247193,0.3090353779587681
gemma-3-12b-it,nob,0.3823780151446768,0.3090353779587681
gemma-3-12b-it,rus,0.3526558673949896,0.3090353779587681
gemma-3-12b-it,ukr,0.4308836600084202,0.3090353779587681
gemma-3-12b-it,uncorrected_isl,0.4799903915445592,0.3090353779587681
gemma-3-12b-it,zho,0.879725957878711,0.3090353779587681
gemma-3-1b-it,ara,0.4738837170410837,0.3090353779587681
gemma-3-1b-it,dan,0.385444610034774,0.3090353779587681
gemma-3-1b-it,deu,0.3227557968756954,0.3090353779587681
gemma-3-1b-it,eng,0.3090353779587681,0.3090353779587681
gemma-3-1b-it,eng_metric,0.3072958771220695,0.3090353779587681
gemma-3-1b-it,est,0.4165433560224919,0.3090353779587681
gemma-3-1b-it,fra,0.3334076617758551,0.3090353779587681
gemma-3-1b-it,hin,0.3559015570065293,0.3090353779587681
gemma-3-1b-it,isl,0.4799903915445592,0.3090353779587681
gemma-3-1b-it,ita,0.3333938623570002,0.3090353779587681
gemma-3-1b-it,jpn,0.6343310494049765,0.3090353779587681
gemma-3-1b-it,mar,0.3584853254328303,0.3090353779587681
gemma-3-1b-it,nld,0.3441588568247193,0.3090353779587681
gemma-3-1b-it,nob,0.3823780151446768,0.3090353779587681
gemma-3-1b-it,rus,0.3526558673949896,0.3090353779587681
gemma-3-1b-it,ukr,0.4308836600084202,0.3090353779587681
gemma-3-1b-it,uncorrected_isl,0.4799903915445592,0.3090353779587681
gemma-3-1b-it,zho,0.879725957878711,0.3090353779587681
gemma-3-27b-it,ara,0.4738837170410837,0.3090353779587681
gemma-3-27b-it,dan,0.385444610034774,0.3090353779587681
gemma-3-27b-it,deu,0.3227557968756954,0.3090353779587681
gemma-3-27b-it,eng,0.3090353779587681,0.3090353779587681
gemma-3-27b-it,eng_metric,0.3072958771220695,0.3090353779587681
gemma-3-27b-it,est,0.4165433560224919,0.3090353779587681
gemma-3-27b-it,fra,0.3334076617758551,0.3090353779587681
gemma-3-27b-it,hin,0.3559015570065293,0.3090353779587681
gemma-3-27b-it,isl,0.4799903915445592,0.3090353779587681
gemma-3-27b-it,ita,0.3333938623570002,0.3090353779587681
gemma-3-27b-it,jpn,0.6343310494049765,0.3090353779587681
gemma-3-27b-it,mar,0.3584853254328303,0.3090353779587681
gemma-3-27b-it,nld,0.3441588568247193,0.3090353779587681
gemma-3-27b-it,nob,0.3823780151446768,0.3090353779587681
gemma-3-27b-it,rus,0.3526558673949896,0.3090353779587681
gemma-3-27b-it,ukr,0.4308836600084202,0.3090353779587681
gemma-3-27b-it,uncorrected_isl,0.4799903915445592,0.3090353779587681
gemma-3-27b-it,zho,0.879725957878711,0.3090353779587681
gemma-3-4b-it,ara,0.4738837170410837,0.3090353779587681
gemma-3-4b-it,dan,0.385444610034774,0.3090353779587681
gemma-3-4b-it,deu,0.3227557968756954,0.3090353779587681
gemma-3-4b-it,eng,0.3090353779587681,0.3090353779587681
gemma-3-4b-it,eng_metric,0.3072958771220695,0.3090353779587681
gemma-3-4b-it,est,0.4165433560224919,0.3090353779587681
gemma-3-4b-it,fra,0.3334076617758551,0.3090353779587681
gemma-3-4b-it,hin,0.3559015570065293,0.3090353779587681
gemma-3-4b-it,isl,0.4799903915445592,0.3090353779587681
gemma-3-4b-it,ita,0.3333938623570002,0.3090353779587681
gemma-3-4b-it,jpn,0.6343310494049765,0.3090353779587681
gemma-3-4b-it,mar,0.3584853254328303,0.3090353779587681
gemma-3-4b-it,nld,0.3441588568247193,0.3090353779587681
gemma-3-4b-it,nob,0.3823780151446768,0.3090353779587681
gemma-3-4b-it,rus,0.3526558673949896,0.3090353779587681
gemma-3-4b-it,ukr,0.4308836600084202,0.3090353779587681
gemma-3-4b-it,uncorrected_isl,0.4799903915445592,0.3090353779587681
gemma-3-4b-it,zho,0.879725957878711,0.3090353779587681
granite-3.2-2b-instruct (reasoning off),ara,0.9728524443948938,0.3571392211758717
granite-3.2-2b-instruct (reasoning off),dan,0.492896174863388,0.3571392211758717
granite-3.2-2b-instruct (reasoning off),deu,0.4563620988918065,0.3571392211758717
granite-3.2-2b-instruct (reasoning off),eng,0.3571392211758717,0.3571392211758717
granite-3.2-2b-instruct (reasoning off),eng_metric,0.3561540016168149,0.3571392211758717
granite-3.2-2b-instruct (reasoning off),est,0.5319621189701095,0.3571392211758717
granite-3.2-2b-instruct (reasoning off),fra,0.4629175400258663,0.3571392211758717
granite-3.2-2b-instruct (reasoning off),hin,1.4509794073329985,0.3571392211758717
granite-3.2-2b-instruct (reasoning off),isl,0.5775162142685564,0.3571392211758717
granite-3.2-2b-instruct (reasoning off),ita,0.4579625930633739,0.3571392211758717
granite-3.2-2b-instruct (reasoning off),jpn,0.9414893617021276,0.3571392211758717
granite-3.2-2b-instruct (reasoning off),mar,1.4059809276918804,0.3571392211758717
granite-3.2-2b-instruct (reasoning off),nld,0.4666883177136494,0.3571392211758717
granite-3.2-2b-instruct (reasoning off),nob,0.4882403089112883,0.3571392211758717
granite-3.2-2b-instruct (reasoning off),rus,0.6067055942738746,0.3571392211758717
granite-3.2-2b-instruct (reasoning off),ukr,0.7408429620620293,0.3571392211758717
granite-3.2-2b-instruct (reasoning off),uncorrected_isl,0.5775162142685564,0.3571392211758717
granite-3.2-2b-instruct (reasoning off),zho,1.2975133214920072,0.3571392211758717
granite-3.2-2b-instruct (reasoning on),ara,0.9728524443948938,0.3571392211758717
granite-3.2-2b-instruct (reasoning on),dan,0.492896174863388,0.3571392211758717
granite-3.2-2b-instruct (reasoning on),deu,0.4563620988918065,0.3571392211758717
granite-3.2-2b-instruct (reasoning on),eng,0.3571392211758717,0.3571392211758717
granite-3.2-2b-instruct (reasoning on),eng_metric,0.3561540016168149,0.3571392211758717
granite-3.2-2b-instruct (reasoning on),est,0.5319621189701095,0.3571392211758717
granite-3.2-2b-instruct (reasoning on),fra,0.4629175400258663,0.3571392211758717
granite-3.2-2b-instruct (reasoning on),hin,1.4509794073329985,0.3571392211758717
granite-3.2-2b-instruct (reasoning on),isl,0.5775162142685564,0.3571392211758717
granite-3.2-2b-instruct (reasoning on),ita,0.4579625930633739,0.3571392211758717
granite-3.2-2b-instruct (reasoning on),jpn,0.9414893617021276,0.3571392211758717
granite-3.2-2b-instruct (reasoning on),mar,1.4059809276918804,0.3571392211758717
granite-3.2-2b-instruct (reasoning on),nld,0.4666883177136494,0.3571392211758717
granite-3.2-2b-instruct (reasoning on),nob,0.4882403089112883,0.3571392211758717
granite-3.2-2b-instruct (reasoning on),rus,0.6067055942738746,0.3571392211758717
granite-3.2-2b-instruct (reasoning on),ukr,0.7408429620620293,0.3571392211758717
granite-3.2-2b-instruct (reasoning on),uncorrected_isl,0.5775162142685564,0.3571392211758717
granite-3.2-2b-instruct (reasoning on),zho,1.2975133214920072,0.3571392211758717
granite-3.2-8b-instruct (reasoning off),ara,0.9728524443948938,0.3571392211758717
granite-3.2-8b-instruct (reasoning off),dan,0.492896174863388,0.3571392211758717
granite-3.2-8b-instruct (reasoning off),deu,0.4563620988918065,0.3571392211758717
granite-3.2-8b-instruct (reasoning off),eng,0.3571392211758717,0.3571392211758717
granite-3.2-8b-instruct (reasoning off),eng_metric,0.3561540016168149,0.3571392211758717
granite-3.2-8b-instruct (reasoning off),est,0.5319621189701095,0.3571392211758717
granite-3.2-8b-instruct (reasoning off),fra,0.4629175400258663,0.3571392211758717
granite-3.2-8b-instruct (reasoning off),hin,1.4509794073329985,0.3571392211758717
granite-3.2-8b-instruct (reasoning off),isl,0.5775162142685564,0.3571392211758717
granite-3.2-8b-instruct (reasoning off),ita,0.4579625930633739,0.3571392211758717
granite-3.2-8b-instruct (reasoning off),jpn,0.9414893617021276,0.3571392211758717
granite-3.2-8b-instruct (reasoning off),mar,1.4059809276918804,0.3571392211758717
granite-3.2-8b-instruct (reasoning off),nld,0.4666883177136494,0.3571392211758717
granite-3.2-8b-instruct (reasoning off),nob,0.4882403089112883,0.3571392211758717
granite-3.2-8b-instruct (reasoning off),rus,0.6067055942738746,0.3571392211758717
granite-3.2-8b-instruct (reasoning off),ukr,0.7408429620620293,0.3571392211758717
granite-3.2-8b-instruct (reasoning off),uncorrected_isl,0.5775162142685564,0.3571392211758717
granite-3.2-8b-instruct (reasoning off),zho,1.2975133214920072,0.3571392211758717
granite-3.2-8b-instruct (reasoning on),ara,0.9728524443948938,0.3571392211758717
granite-3.2-8b-instruct (reasoning on),dan,0.492896174863388,0.3571392211758717
granite-3.2-8b-instruct (reasoning on),deu,0.4563620988918065,0.3571392211758717
granite-3.2-8b-instruct (reasoning on),eng,0.3571392211758717,0.3571392211758717
granite-3.2-8b-instruct (reasoning on),eng_metric,0.3561540016168149,0.3571392211758717
granite-3.2-8b-instruct (reasoning on),est,0.5319621189701095,0.3571392211758717
granite-3.2-8b-instruct (reasoning on),fra,0.4629175400258663,0.3571392211758717
granite-3.2-8b-instruct (reasoning on),hin,1.4509794073329985,0.3571392211758717
granite-3.2-8b-instruct (reasoning on),isl,0.5775162142685564,0.3571392211758717
granite-3.2-8b-instruct (reasoning on),ita,0.4579625930633739,0.3571392211758717
granite-3.2-8b-instruct (reasoning on),jpn,0.9414893617021276,0.3571392211758717
granite-3.2-8b-instruct (reasoning on),mar,1.4059809276918804,0.3571392211758717
granite-3.2-8b-instruct (reasoning on),nld,0.4666883177136494,0.3571392211758717
granite-3.2-8b-instruct (reasoning on),nob,0.4882403089112883,0.3571392211758717
granite-3.2-8b-instruct (reasoning on),rus,0.6067055942738746,0.3571392211758717
granite-3.2-8b-instruct (reasoning on),ukr,0.7408429620620293,0.3571392211758717
granite-3.2-8b-instruct (reasoning on),uncorrected_isl,0.5775162142685564,0.3571392211758717
granite-3.2-8b-instruct (reasoning on),zho,1.2975133214920072,0.3571392211758717
