"language","k","rep","mae_all","err_all","mae_heldout","err_heldout","sd_language"
"ara",1,1,0.0594322463094628,0.0420561817718391,0.0604178366190139,0.0436423924877358,0.352691007025403
"ara",1,2,0.051853486666056,-0.0258216517500526,0.0525533349446464,-0.0275263907410352,0.227142201578516
"ara",1,3,0.051174901589292,0.0171516797192722,0.05240577571605,0.0215308711854025,0.273661140668237
"ara",2,1,0.0738860217040394,0.0653825379931958,0.0744377671992474,0.0661716106173803,0.390287122280232
"ara",2,2,0.0554182699400031,0.0189658531645732,0.055519850183258,0.0190226871112354,0.314835520555492
"ara",2,3,0.0554557513757317,-0.0346055588582702,0.0545870686113441,-0.0306749918163132,0.229383935891514
"ara",5,1,0.0481282060675363,-0.0212176483484284,0.0480534153021502,-0.021975239117663,0.248436654200316
"ara",5,2,0.0385762647154662,0.0118616181791559,0.0404298607878857,0.0155568016354939,0.276253061587766
"ara",5,3,0.0417174094417663,-0.0215022009587449,0.0417146249444577,-0.0195344307014812,0.237782839879703
"ara",10,1,0.0342406374713851,-0.00626769798416205,0.0359365218664018,-0.0111782305704082,0.265126437185605
"ara",10,2,0.0256009173079471,0.0193844949714597,0.0300062313699216,0.0272341295864168,0.290593705068557
"ara",10,3,0.0265779724812924,-0.00834542265429306,0.0261971982729411,-0.00650365551365839,0.243455248819871
"ara",20,1,0.0306330659388567,0.00184857899984603,0.0315119281719739,-0.00170497711893502,0.273183723846977
"ara",20,2,0.0226129793076096,0.016955878608514,0.0255845972334283,0.0207141608236713,0.281961421804741
"ara",20,3,0.0197388667943647,0.0026582025654216,0.0197624991092507,0.0043722276852276,0.263692617646984
"dan",1,1,0.0410533549868876,-0.0171623742348129,0.0411498059026803,-0.0180189368249388,0.243569326551502
"dan",1,2,0.12796394114729,-0.126870941947044,0.127245593542556,-0.12614293734163,0.261986670554016
"dan",1,3,0.0573910131223986,-0.0475058232711398,0.05702736489634,-0.047127172195097,0.233396523224288
"dan",2,1,0.0358276157406567,0.00740335766469546,0.0353946262409418,0.0058595706902399,0.263507957172015
"dan",2,2,0.0793198675055844,-0.0620120286019175,0.0794775932806987,-0.0625728201141931,0.231710966903596
"dan",2,3,0.0978182551649574,-0.0958460201263096,0.0934987183715713,-0.0912157396702135,0.260050691193555
"dan",5,1,0.0446892366287871,-0.0133083720001844,0.0458191043993127,-0.0170167635927559,0.243993566885948
"dan",5,2,0.0447849289906106,-0.0153085031082786,0.0449032707655069,-0.0162075015303668,0.263032222374817
"dan",5,3,0.0794260882053365,-0.0783347396651587,0.0756543837464771,-0.0742677396626992,0.242942686306061
"dan",10,1,0.0327787095420043,0.00182888467040121,0.0337222816264112,-0.00246416446064657,0.270835338398725
"dan",10,2,0.0501960912450456,-0.0261776499933385,0.0504564728022833,-0.0277532490096765,0.249823674743365
"dan",10,3,0.0442005316457997,-0.0420114801331581,0.0352619356831084,-0.0308758448125609,0.232577127509471
"dan",20,1,0.0238460819086779,-0.0108765208685504,0.0261621042641195,-0.0168078757610348,0.243930465614542
"dan",20,2,0.0317410061602173,-0.0159481663520652,0.0307667601206068,-0.0179092776516339,0.247905898594907
"dan",20,3,0.0250699630261474,-0.021176735104339,0.0206687200677592,-0.0138606141765331,0.236481618054816
"deu",1,1,0.0679412854997312,0.0495370213885054,0.0675581741420775,0.0489715300862962,0.241682252873207
"deu",1,2,0.07763502116233,-0.0494600511804955,0.0781141088027661,-0.0509406049587161,0.267883879545349
"deu",1,3,0.0697406540820984,-0.0474944463824418,0.0695606971169621,-0.0474500583108934,0.270174808362554
"deu",2,1,0.0939225558176473,0.0933438494515987,0.092633295592486,0.0918893973408688,0.295473774775652
"deu",2,2,0.0659303892616601,-0.0189309603294873,0.0662752467171772,-0.0202335225490714,0.237959433858531
"deu",2,3,0.0704517086806612,0.00301299187427684,0.0700135026655794,0.00479256045681797,0.231319186451576
"deu",5,1,0.0419000875450637,0.0303654982821749,0.0415648770204794,0.0299367832172627,0.235702907858253
"deu",5,2,0.0666806733577539,-0.0289115891953834,0.0685066358870879,-0.0330077970691266,0.246131290770702
"deu",5,3,0.112981049291228,-0.112981049291228,0.11228139462699,-0.11228139462699,0.385799214422454
"deu",10,1,0.0237600017280955,-0.00444005363852817,0.025119941771197,-0.00895582034329023,0.24652112258844
"deu",10,2,0.0944737975378144,-0.0903165364215952,0.104819162741216,-0.102737832686153,0.355201712636471
"deu",10,3,0.0531486918963799,-0.0504931861042522,0.0566641605157908,-0.0544423311427298,0.304823065698242
"deu",20,1,0.0212145208372694,0.00165835510450962,0.0213640063187638,0.0035083787212461,0.245949335335803
"deu",20,2,0.0382648284964553,-0.03489108420374,0.0412159527258006,-0.0392580641876291,0.279255985160069
"deu",20,3,0.0428448962035573,-0.0372942638250072,0.0426589379616162,-0.036777487328886,0.2934133488309
"eng",1,1,0.064678837063085,-0.0532922447931288,0.0657676231433942,-0.0547651730234977,0.274303343236948
"eng",1,2,0.0477165505357969,0.0091791488430335,0.0477005052591883,0.0080150750253084,0.253546904944601
"eng",1,3,0.0636712265568055,0.0524287572392882,0.0637416920553809,0.0526038154415045,0.291196759787963
"eng",2,1,0.0451976891477642,-0.00944711761686889,0.0452574626430953,-0.00980972284105064,0.251350549831528
"eng",2,2,0.0447873224705047,0.0188336243677844,0.0443244867636748,0.0168137021628987,0.257053167124465
"eng",2,3,0.047707149695147,0.0198817190448423,0.047991888290334,0.0207537630731133,0.253468597349663
"eng",5,1,0.0319946114247661,-0.000366946047921979,0.031895904599027,-0.000577403074883187,0.253956440334221
"eng",5,2,0.0266845420987021,0.0102132173099418,0.029014111646611,0.0122277403830521,0.263502353117555
"eng",5,3,0.0345581681225285,-0.0064312526576844,0.0337593459918906,-0.00527622237268943,0.250354562806971
"eng",10,1,0.0417557418173665,0.0417557418173666,0.0481287154636419,0.0481287154636418,0.288928754938631
"eng",10,2,0.0280616135178954,-0.00524356658876146,0.0296413755054131,-0.00212345930052515,0.252488190008567
"eng",10,3,0.0321247933780181,-0.00327236813822929,0.0317332274266024,-0.00470238827454994,0.254682768464434
"eng",20,1,0.0240043463184211,0.015584895709965,0.0284871207182931,0.0243113654362273,0.259803895132584
"eng",20,2,0.0182134159249841,-0.0056768403288473,0.018980076500834,0.00799638622647403,0.24989907481618
"eng",20,3,0.0228812673880895,0.0104371840345096,0.023138395326377,0.0119045835976185,0.255600228525193
"est",1,1,0.0592531704262587,-0.0398241468902384,0.0602169603381954,-0.0411044254312303,0.285130964011941
"est",1,2,0.0875021874488177,0.0378403284059629,0.0876191098553546,0.0384882913554547,0.24971380774072
"est",1,3,0.064835198990593,0.016005800303413,0.0649087153734204,0.0163001576383763,0.245693233507209
"est",2,1,0.0490990715478911,-0.0123506272552008,0.049110081146026,-0.0127324620785282,0.254120541310976
"est",2,2,0.0689619242480188,0.00594057384040059,0.0689752346371437,0.00655282877390029,0.244376455779305
"est",2,3,0.0633046368357238,0.0212449408923461,0.0638725789407542,0.0231798091093981,0.245106071924174
"est",5,1,0.0415536856732508,-0.00528938566679182,0.0411145958409574,-0.00381383444987682,0.246781769891033
"est",5,2,0.0526720021969592,-0.00343585702162397,0.0525231480487305,0.00101138751476504,0.244410095777954
"est",5,3,0.0437488530098205,0.0215196145531024,0.0445109242210613,0.0247834591301237,0.244907425919823
"est",10,1,0.0310458742179304,-0.0070261379371146,0.0323715626824905,-0.0118947531166236,0.246628180296886
"est",10,2,0.0319499433840746,-0.013421324133697,0.0305142018721947,-0.00983726544790864,0.24946594383514
"est",10,3,0.0362433467570489,0.00763776657997894,0.0357556725612245,0.00637115980762037,0.241604351578126
"est",20,1,0.0228590410450687,0.0109106221554564,0.023357074934927,0.00864854866221165,0.241320190271611
"est",20,2,0.0281155278336084,-0.00537070663981798,0.0262491160289386,0.00307309723198279,0.250923103765704
"est",20,3,0.0187299111870545,0.00646240131849363,0.019008262773544,0.00924424243735034,0.243719568782996
"fra",1,1,0.0611788796002954,-0.0163913852681989,0.0609026911989237,-0.0158801149760079,0.253835791140884
"fra",1,2,0.0721562985594704,0.0697582685065044,0.0713132431548527,0.0687164222849024,0.345592594995512
"fra",1,3,0.0721562985594704,0.0697582685065044,0.0713132431548527,0.0687164222849024,0.345592594995512
"fra",2,1,0.0527419061479397,-0.00782461769668086,0.0522478925620548,-0.00735220238113465,0.256423702956046
"fra",2,2,0.248566442439076,-0.246664454814479,0.248361854351671,-0.246471030931069,0.486533592420816
"fra",2,3,0.0512946479964147,0.0109794232820919,0.0512944071124628,0.009321629353916,0.267989452453118
"fra",5,1,0.0477020678621949,-0.00378202057846955,0.046679826382605,-0.00217205082266536,0.255862086111473
"fra",5,2,0.0574631567645043,-0.0274647285920085,0.0577117757493886,-0.0267185393963166,0.259275201603394
"fra",5,3,0.0467274345497225,0.0151880720291526,0.0466370310142701,0.0132189111834965,0.273731944448124
"fra",10,1,0.0382444700658288,-0.0183163898402209,0.0353857840821627,-0.00901390187469953,0.249038247357761
"fra",10,2,0.0383492410961175,0.00103897802121788,0.0383446257226542,-0.0030133271078322,0.247819438040414
"fra",10,3,0.0471190435970925,0.0372715755547757,0.0456926179925849,0.0337547273844738,0.309918346371182
"fra",20,1,0.0229220509829597,-0.0134587874645586,0.0177678829233419,0.00456694541524183,0.249853948170982
"fra",20,2,0.0192004400969739,-0.00595466961893487,0.0190332372290197,-0.00490048424746992,0.24877964224058
"fra",20,3,0.0299810204583303,0.0207694967211046,0.0370633014932756,0.0314829571710992,0.26265618394253
"hin",1,1,0.078993866897926,0.0229066152512973,0.0791803401284707,0.0257049349540504,0.258156606678556
"hin",1,2,0.0813745205737333,0.0746969972624468,0.0817355004179994,0.0752954610571324,0.334993396993813
"hin",1,3,0.102903114580669,0.102248816741505,0.101706758689779,0.101037938004552,0.347397302078745
"hin",2,1,0.0681056306874761,-0.027436852160045,0.0675259889642639,-0.0261987520914149,0.250068868641834
"hin",2,2,0.04046608581822,-0.012100352616104,0.0403975163837105,-0.0123375754993753,0.250158944488247
"hin",2,3,0.056620089908827,0.0525236426939231,0.0541560115393011,0.0492120383045732,0.281835050049553
"hin",5,1,0.051001106155697,-0.00940670086835071,0.0514764413426298,-0.0121227877809492,0.249389605979327
"hin",5,2,0.0334903650389879,-0.00879967499470435,0.034443573832494,-0.0126330386013064,0.24947227575606
"hin",5,3,0.0308531652039355,0.0141007990518964,0.0302365719334101,0.011304622215332,0.259022394178104
"hin",10,1,0.0334512053973793,0.0114388146269223,0.0328228261124527,0.00397145354086614,0.252605386277197
"hin",10,2,0.0293604484251601,-0.00612141412447564,0.028849871113755,-0.00603041462405984,0.249441620010464
"hin",10,3,0.0327322804065982,0.0177868927307248,0.0315543925084727,0.0141758221146577,0.264750194626498
"hin",20,1,0.0221501248043884,0.00530991295922789,0.021166509909135,-0.00228100005559262,0.251213985726149
"hin",20,2,0.0220589268489843,-0.0107301563300334,0.0212481565527603,-0.00430291212770384,0.250279834377964
"hin",20,3,0.0190900131026533,0.00051999809511627,0.0194260297780528,-0.00257260002304593,0.252183517583429
"isl",1,1,0.0608677099732887,0.0386247105179279,0.060537054757762,0.0376550270582333,0.24126126956002
"isl",1,2,0.113371595343218,-0.106669559707079,0.113039821811176,-0.106278363337176,0.34008407889424
"isl",1,3,0.114597831173308,0.114180106170973,0.113279604023259,0.112784544223881,0.277888989628981
"isl",2,1,0.0625042849256088,-0.0324081773963827,0.0629709853249493,-0.0337113998274747,0.27040914663572
"isl",2,2,0.0758898964399562,-0.0316514003136972,0.0751217196733819,-0.0293224866794005,0.256788457173515
"isl",2,3,0.114728301367002,0.113205795015347,0.112385755314463,0.110483769049609,0.278337938465167
"isl",5,1,0.079326391974094,-0.0749862363116913,0.0815489544233897,-0.0771915388668886,0.320232847045246
"isl",5,2,0.0602249834153827,0.0254552523230155,0.0594118640621327,0.0235870353827025,0.239107193720419
"isl",5,3,0.0605102302904076,0.0551471880388729,0.0587001223837664,0.0523935984945971,0.244085293691375
"isl",10,1,0.0486151965811919,-0.0389899711382111,0.0510289869873706,-0.0437145013654262,0.287183832769375
"isl",10,2,0.0483168649453366,0.00587800778071956,0.0467400279513764,0.00295729787793603,0.247063829741002
"isl",10,3,0.0326199370027537,-0.00301162695449286,0.0336156423139177,-0.0072438506062138,0.245802646459925
"isl",20,1,0.0225233340442834,-0.00141222332115232,0.0237860801461054,-0.0100744479162753,0.25864871602727
"isl",20,2,0.0277989534096364,0.00286195947323092,0.0262033915765569,-0.000317491887048438,0.249480858842176
"isl",20,3,0.0212018192984494,0.0112705476810719,0.0196526765753574,0.00303669737016193,0.242065305127274
"ita",1,1,0.0863287317474007,0.0840077872507351,0.0862461077359942,0.0839854325572239,0.459019667986479
"ita",1,2,0.147363357216811,-0.147363357216811,0.145664644216061,-0.145664644216061,0.28783556362756
"ita",1,3,0.0486471262452074,-0.00780135719502839,0.0483280675025217,-0.00740242814776793,0.266069845219224
"ita",2,1,0.062214511330169,0.055912347920876,0.062192632694942,0.0560521889359065,0.352652143083568
"ita",2,2,0.0955246745898304,-0.0919952271489761,0.0960166935065444,-0.0927729675851776,0.234862904548825
"ita",2,3,0.043077541341352,0.0283995208207851,0.042877562441446,0.0276343253326621,0.320578155102248
"ita",5,1,0.0415688935093334,0.0216146234140306,0.0407593858271682,0.0206660521733116,0.299452362040988
"ita",5,2,0.0646350510348071,-0.025796951976625,0.0634593933540999,-0.0245447876966567,0.229943775580856
"ita",5,3,0.0425639109129401,0.0295105137973333,0.041309092766607,0.0266677534026578,0.330319198073156
"ita",10,1,0.0284166807459527,0.0101317352146565,0.0276270395537164,0.0068030983391415,0.285723083105891
"ita",10,2,0.0598845063970497,-0.0383479378428115,0.0633249990300801,-0.0437811812557914,0.227620044904651
"ita",10,3,0.0334407186573756,0.0180472230087122,0.0330658067808851,0.0172448935284574,0.316081667811816
"ita",20,1,0.0187319416268727,-0.00928609494348676,0.0191385322785851,-0.00941441651208907,0.241278822019711
"ita",20,2,0.0512708116127645,-0.0422586889078044,0.0562070942071217,-0.0504349146297105,0.222801507714453
"ita",20,3,0.0227459845817538,-0.00220663485578387,0.0270971311392892,-0.0168412505715749,0.242144840771706
"jpn",1,1,0.0527934614777447,0.0189257591459919,0.052907441684846,0.0200982973834746,0.23901112106497
"jpn",1,2,0.21039767311033,-0.209843397813418,0.210106995236118,-0.209566858930176,0.436670270680423
"jpn",1,3,0.0867538565192897,0.082801181693403,0.0857302869161009,0.0816499932857353,0.247942864701926
"jpn",2,1,0.0583253605232108,0.0492195677503333,0.0587174050972777,0.0501715924453587,0.241123573035359
"jpn",2,2,0.0994964630549346,-0.0868593042022178,0.0991409975799964,-0.0866686698088504,0.305424412206447
"jpn",2,3,0.0542555031630662,0.0471752363194026,0.0536008328173243,0.0462049438022962,0.239924355781773
"jpn",5,1,0.0867559914171223,0.0867559914171223,0.0855264584731904,0.0855264584731904,0.261098736063347
"jpn",5,2,0.0445172753533013,-0.0259930414913135,0.0435636608798333,-0.022141973262207,0.264964419024643
"jpn",5,3,0.0689524600891518,0.0689524600891518,0.0661211070461033,0.065978221922676,0.253712362886346
"jpn",10,1,0.0552260638587605,0.0552260638587605,0.0605013838894896,0.0605013838894897,0.238812744108502
"jpn",10,2,0.0319326373518765,0.00647591671344583,0.033238022916505,0.01364063090851,0.246272165774073
"jpn",10,3,0.034840460472502,-0.0213974806630564,0.0369584333973931,-0.0266963702031692,0.265857029086737
"jpn",20,1,0.0346186182152981,0.0300381195828265,0.0381530596805141,0.0357091604898918,0.2408487251688
"jpn",20,2,0.031752274577095,-0.024030290564272,0.0235746817912522,-0.00417928023121883,0.265826644432419
"jpn",20,3,0.0340411982023117,-0.0247688554878005,0.0413343860366626,-0.0354033352217741,0.269644897922411
"mar",1,1,0.162424754271752,-0.157997298693576,0.163757071190091,-0.159389494635627,0.398856486493181
"mar",1,2,0.133975620843615,0.133727428727925,0.13283025551151,0.132581083575373,0.334694025007232
"mar",1,3,0.104849847368145,-0.0816733183557552,0.105852565972549,-0.0835091822142931,0.299819369507074
"mar",2,1,0.075684886592242,-0.0108374858918477,0.075705245660705,-0.00995618292091821,0.253957136140646
"mar",2,2,0.105959345416746,0.105596069008763,0.106471487552267,0.106125403244393,0.299945422365112
"mar",2,3,0.0534415019556619,-0.00820085880170396,0.0537148417291661,-0.00924143345469763,0.254094117702724
"mar",5,1,0.055289101897188,-0.00135498859274874,0.0552750539040691,-0.000909261034311937,0.252109594475195
"mar",5,2,0.0611388472823297,0.060699972255647,0.0581580161416329,0.057670782078483,0.262755960633209
"mar",5,3,0.0456139528590673,0.0295517481793057,0.0445687457185457,0.0274466674356111,0.250528070244038
"mar",10,1,0.0417157613394707,0.0166010874421579,0.0412382172811334,0.0150439381923847,0.248595535562635
"mar",10,2,0.0310576343818743,-0.0175297026353394,0.0325746276383154,-0.0203972287093758,0.257961859123713
"mar",10,3,0.0327379934224328,0.0211230907018087,0.0343376003181408,0.0257397321070012,0.249114044134363
"mar",20,1,0.0243862780738522,-0.0150066268517665,0.0287666462502021,-0.0234133569086801,0.257297709286258
"mar",20,2,0.024231835033948,0.0202726109481864,0.0207480818996589,0.0152102552740055,0.248383567531171
"mar",20,3,0.0239207663559676,-0.00588422670198641,0.0245519288227905,-0.000624789224231481,0.251381279096791
"nld",1,1,0.0578378502546796,0.0380977627519946,0.057345952080805,0.0367806561013573,0.280564913153041
"nld",1,2,0.177194469502397,-0.176572109439183,0.178444547171383,-0.177885237484937,0.398245232020935
"nld",1,3,0.148560641608476,-0.147552103547042,0.148829052797913,-0.147891524989979,0.354055927149837
"nld",2,1,0.0618809222131909,0.00538546569687759,0.0618878672298939,0.00502426357621466,0.264945707043732
"nld",2,2,0.0631756048287507,-0.0464067867346498,0.0632345154984744,-0.0471749594063028,0.260072049360291
"nld",2,3,0.0905040273999067,-0.0708776897884167,0.0903581241703687,-0.0710867847319839,0.26664625654465
"nld",5,1,0.211096639594291,-0.211096639594291,0.209013606642397,-0.209013606642397,0.450317405053729
"nld",5,2,0.0441339852439303,0.0102186941159274,0.0438443647433814,0.0101803466144974,0.26130619355265
"nld",5,3,0.0570315774375682,-0.0127657597838625,0.0575358134587297,-0.0147770887783693,0.252595150245321
"nld",10,1,0.11595873323721,-0.115488689979751,0.111982154385607,-0.111471808567896,0.331849227223739
"nld",10,2,0.0404336874670501,-0.00568586528040205,0.0419566218398201,-0.0112951726731058,0.250889242132933
"nld",10,3,0.0402432413469658,-0.0168605192792931,0.0403425009394804,-0.0153027734498582,0.25012664809908
"nld",20,1,0.0464200365790604,-0.043312089356802,0.0404403153550135,-0.0364240574122001,0.266653697741292
"nld",20,2,0.0247395413819897,0.00207594804075384,0.0250318213935691,-0.000633448637291867,0.250675844950251
"nld",20,3,0.0346916029827379,-0.00512840875131426,0.033602847266092,-0.000443597554842579,0.25074778560156
"rus",1,1,0.0714896997514407,0.0599152476997042,0.0708574451364423,0.0589883992969527,0.220741906518229
"rus",1,2,0.122319139259138,0.122319139259138,0.122317511492737,0.122317511492737,0.296867986607208
"rus",1,3,0.0727537702403943,0.0686410274167607,0.0721307683117392,0.0679318360489829,0.22388958258909
"rus",2,1,0.0619741613795661,0.0527234791766111,0.0605005956461031,0.0499373264268406,0.217837822155205
"rus",2,2,0.0756492799666196,0.074414175761571,0.0764857610649119,0.0755388715090823,0.227426461718604
"rus",2,3,0.0913026548181702,0.0844894430293468,0.0907245273578555,0.0838848840177671,0.244885616639774
"rus",5,1,0.0879440673914691,0.0877093380068076,0.0844656359897871,0.0841273897838648,0.259130639243887
"rus",5,2,0.0471732444453638,0.0274247551683855,0.0476760628805291,0.0300288257928657,0.217508118846771
"rus",5,3,0.0454371641588228,0.0181897966346559,0.0458061047010543,0.022200644462481,0.233010462915863
"rus",10,1,0.0499634428960848,0.0485497405206361,0.0558755344930612,0.0547592446503894,0.214882160834968
"rus",10,2,0.0413839219175405,0.0270159140721953,0.0413782510819089,0.0273129482968807,0.21639972457491
"rus",10,3,0.041402792341395,0.0275665784600454,0.0461841255495867,0.035642718917415,0.232538553880344
"rus",20,1,0.0216509193699745,0.0184834721331867,0.0253856910591452,0.0235745491573243,0.230703353040174
"rus",20,2,0.0212239174393039,0.000751659016551831,0.022649546915321,0.00488351465298031,0.246612164239742
"rus",20,3,0.0233238969504605,-0.00737569842338648,0.0231520613676483,0.0121724562726003,0.267373646535913
"ukr",1,1,0.061278044703375,-0.0335378827524915,0.0609465155132825,-0.0333566936174573,0.248315740167793
"ukr",1,2,0.0575227393945123,0.0469889589292239,0.0576526645651521,0.0473268886019765,0.303611616810655
"ukr",1,3,0.0386131728143069,-0.00491255870210938,0.0384918158883004,-0.00677599602056944,0.251734751370604
"ukr",2,1,0.055736209314467,-0.0124641216157372,0.0555152305041893,-0.013342205379169,0.250907079635969
"ukr",2,2,0.0412278838861197,0.0153340755487785,0.0407113586860607,0.0142186722039224,0.266935111342949
"ukr",2,3,0.0505447005739442,0.0261119127070717,0.0497986115665285,0.0248068893781372,0.282998361435809
"ukr",5,1,0.0618194478025765,-0.037306619251024,0.0608305737185035,-0.036938428673842,0.24724698188498
"ukr",5,2,0.0365923865443984,0.00448044480527066,0.0375485571603058,0.0101821334672363,0.254692556379295
"ukr",5,3,0.0381837790828991,-0.00701397583010954,0.0383912261537946,-0.00579898320562655,0.248563178394527
"ukr",10,1,0.0388422158428175,0.0271931710493096,0.044691502333558,0.0380397691259672,0.26532665766261
"ukr",10,2,0.0332083398533078,-0.00748350492345606,0.0326536157376542,-0.00228223280318174,0.248298246560481
"ukr",10,3,0.0338902602021063,-0.00112160910558645,0.0342210141425238,0.00131250592172372,0.249408617966059
"ukr",20,1,0.0340956932697346,0.0322475240968176,0.0442571348269431,0.0439818490408201,0.2752361921761
"ukr",20,2,0.0242554613625922,-0.00845405617898931,0.0236634039712976,0.000595062843023908,0.248406234481878
"ukr",20,3,0.0214416769223659,-0.00221203290447436,0.020096041369288,0.0048993649200203,0.248767456840504
"zho",1,1,0.0713770272877647,0.0614316539190998,0.0710119439413097,0.0609928714698436,0.335026911006787
"zho",1,2,0.0510816727223848,-0.014205888791854,0.0510012497399021,-0.0149928512714226,0.250662791325699
"zho",1,3,0.0615932229891904,-0.0403465291327776,0.0620618051824248,-0.0414744533675534,0.24530624094486
"zho",2,1,0.114909023353437,-0.0519711116310129,0.114219011584954,-0.0497577986975836,0.259585570103127
"zho",2,2,0.0488614511260171,-0.00553082401956295,0.0494582889418899,-0.00226598870502914,0.251581468412113
"zho",2,3,0.053532037495494,-0.0274770598040995,0.0537345277231321,-0.0282993234704989,0.248942074263174
"zho",5,1,0.051734132994994,0.0020911111608457,0.0522491635094031,0.0101046377290467,0.245797212336306
"zho",5,2,0.0651416306675126,-0.0311959720244966,0.0630669002274282,-0.0267229215714899,0.245317899281117
"zho",5,3,0.0765319235219394,-0.0674608564056786,0.0768553567113562,-0.0681223288370854,0.254443202083709
"zho",10,1,0.0365762235023614,-0.0017093995652212,0.0367205169054918,0.00392572925365531,0.247487946474917
"zho",10,2,0.0405614412536286,-0.0244330961188454,0.0388995789371764,-0.0211967043667171,0.244042203693676
"zho",10,3,0.0472635921475443,-0.0402797912202948,0.0475350364279856,-0.0403496775077251,0.249049728782113
"zho",20,1,0.0326917807021383,0.0240203738247401,0.0366031245026862,0.0304658446664835,0.266402971007601
"zho",20,2,0.0218033673339457,-0.00138601352901746,0.0219125759711492,0.00185613068486856,0.248794910928552
"zho",20,3,0.0294537004199366,-0.0187134710508711,0.0278432815874583,-0.011263724754681,0.244182952618896
